SampleID;Transect;TransectX;x;Random;St_Larvae;YesNo;Depth;Depth_Bin;Velocity;VelocityBin;Froude;PhotoID;NCoverCL;Richness;Sper;SDI;TransectGroup;TGr;CoverCL;Cover_Class;Isonychiidae;Heptaginiidae;Perlidae;Perlodidae;Crayfish;Baetidae;Ephemerellidae;Hydropsychidae;Coenagrionidae;Gomphidae;Amphipoda;Lepidostomatidae;Thaumaleidae;Helicopsychidae;Chironomidae;Leptoceridae;Aeshnidae;Phryganeidae;Psephenidae;Elmidae;Athericidae;Philopotamidae;Brachycentridae;Caliopterygidae;Corydalidae;Diptera_sp;Glossosomatidae;Limnephilidae;Empididae;Pyralidae;Polycentropodidae;Simuliidae;Leptophlebiidae;Baetiscidae;Hydrophilidae;Annelida;Tabanidae;Odontoceridae;Ntot;EPTrichness;EPTN;SmoothBedrock;Fine;FMGravel;CoarseGravel;VeryCGravel;SmallCobble;LargeCobble;SAV;WoodDebris;InterSpace;Mussels;SubInd;Avg_Rock_Size;Med_Rock_Size;med_RS;Coeff_Var;Hyd;Lep;Eph;Hep;Elm;Iso;Bae;Bra;Gom;Chi
TS1;1,1;1;0;17;0;No;0,79;0,76-1,0;0,29;0,25-0,5;0,104171747;2873;6;1;0,03;0;One;1;Seven;7;0;0;0;0;0;0;0;0;0;0;0;0;0;0;0;0;0;0;0;1;0;0;0;0;0;0;0;0;0;0;0;0;0;0;0;0;0;0;1;0;0;0;0,000229708;0,059274254;0,081507339;0,277702377;0,566445981;0;0;0;0,0148;0;0,054325106;18,0789;8,5975;8,5975;1,307234148;0;0;0;0;1;0;0;0;0;0
TS2;1,2;1;0;6;0;No;0,16;0-0,5;0,59;0,51-0,75;0,470931257;2874;6;1;0,03;0;One;1;Five;5;0;0;0;0;0;0;0;0;0;0;0;0;0;0;0;0;0;0;0;0;0;0;0;0;0;0;0;1;0;0;0;0;0;0;0;0;0;0;1;1;1;0;0,021722083;0,107766417;0,555222417;0,267871667;0;0;0;0;0,018228083;0,029189333;0,046117023;11,4550039;7,125254154;7,125254154;1,019748396;0;0;0;0;0;0;0;0;0;0
TS3;2,1;2;20;12;3;Yes;0,82;0,76-1,0;0,63;0,51-0,75;0,222125859;2875;6;2;0,05;0,732;One;1;Five;5;0;1;0;0;0;0;0;0;0;2;0;0;0;0;0;0;0;0;0;0;0;0;0;0;0;0;0;0;0;0;0;0;0;0;0;0;0;0;3;1;1;0;0,1625;0,2308;0,3179;0,1709;0;0;0;0,1179;0;0;0,038547;9,5;6,65;6,65;0,833597301;0;0;0;1;0;0;0;0;1;0
TS4;2,2;2;20;8;1;Yes;0,55;0,51-0,75;0,73;0,51-0,75;0,314272957;2876;5;5;0,13;1,55;One;1;Five;5;0;2;0;0;0;0;2;1;0;1;0;0;0;0;0;0;0;0;0;1;0;0;0;0;0;0;0;0;0;0;0;0;0;0;0;0;0;0;7;3;5;0;0,176037328;0,108289392;0,323779067;0,314121459;0,077772755;0;0;0;0;0;0,046174087;13,77443548;8,6625;8,6625;0,901875539;1;0;1;1;1;0;0;0;1;0
TS5;3,1;3;40;8;0;No;0,34;0-0,5;0,85;0,75-1,0;0,465419916;2877;5;4;0,11;1,332;One;1;Six;6;4;2;0;0;0;2;0;2;0;0;0;0;0;0;0;0;0;0;0;0;0;0;0;0;0;0;0;0;0;0;0;0;0;0;0;0;0;0;10;4;10;0;0,1221;0,0834;0,2225;0,3045;0,2675;0;0;0;0;0;0,049399;14,97;7,84;7,84;1,092072908;1;0;0;1;0;1;1;0;0;0
TS6;3,2;3;40;10;1;Yes;0,5;0-0,5;0,91;0,75-1,0;0,410886513;2878;7;6;0,16;1,538;One;1;Six;6;5;6;1;0;0;0;0;4;0;0;0;0;0;0;0;0;0;0;0;1;0;0;0;0;0;0;0;0;0;1;0;0;0;0;0;0;0;0;18;4;16;0;0,1382;0,1648;0,2149;0,3674;0,1083;0;0;0;0,0064;0;0,046351;6,22;3,26;3,26;1,379309953;1;0;0;1;1;1;0;0;0;0
TS7;4,1;4;60;13;0;No;0,72;0,51-0,75;0,6;0,51-0,75;0,22576182;2879;7;9;0,24;1,819;One;1;Six;6;1;5;0;0;0;2;10;7;0;1;0;0;0;0;1;0;0;0;0;2;0;0;0;0;1;0;0;0;0;0;0;0;0;0;0;0;0;0;30;5;25;0;0,0919;0,1642;0,1584;0,4836;0,0993;0;0;0;0;0,0026;0,047383;8,94;4,95;4,945;1,234670309;1;0;1;1;1;1;1;0;1;1
TS8;4,2;4;60;15;3;Yes;0,8;0,76-1,0;0,75;0,51-0,75;0,267720586;2880;6;9;0,24;2,048;One;1;Six;6;0;5;1;0;0;3;4;3;0;2;0;2;0;0;0;0;0;0;0;1;0;0;0;0;1;0;0;0;0;0;0;0;0;0;0;0;0;0;22;6;18;0;0,1235;0,095;0,1117;0,3985;0,2713;0;0;0;0;0;0,049293;11,84;6,76;6,755;1,221618195;1;1;1;1;1;0;1;0;1;0
TS9;5,1;5;80;10;0;No;0,88;0,76-1,0;0,68;0,51-0,75;0,23143715;2881;8;6;0,16;1,519;One;1;Six;6;1;0;0;0;0;1;4;5;0;0;0;0;0;0;0;0;0;0;0;1;0;0;0;0;0;0;0;0;0;0;0;0;1;0;0;0;0;0;13;5;12;0;0,0737;0,1139;0,2573;0,3436;0,2044;0;0;0,0004;0,0067;0;0,049076;12,83;7,79;7,75;1,062361338;1;0;1;0;1;1;1;0;0;0
TS10;5,2;5;80;8;3;Yes;0,74;0,51-0,75;0,74;0,51-0,75;0,274651108;2882;7;9;0,24;1,84;One;1;Six;6;3;7;0;0;0;1;6;8;0;0;0;0;0;0;0;0;0;0;0;1;0;0;0;0;0;0;1;0;1;1;0;0;0;0;0;0;0;0;29;6;26;0;0,1212;0,1766;0,2898;0,3895;0;0;0;0;0,0046;0,0183;0,044665;7,38;4,13;4,115;1,203140225;1;0;1;1;1;1;1;0;0;0
TS11;6,1;6;100;12;0;No;1,16;1,01-1,5;0,49;0,25-0,5;0,145255499;2883;5;4;0,11;1,277;Two;2;Seven;7;2;3;1;0;0;0;1;0;0;0;0;0;0;0;0;0;0;0;0;0;0;0;0;0;0;0;0;0;0;0;0;0;0;0;0;0;0;0;7;4;7;0;0,0989;0,0899;0,1649;0,2699;0,3764;0;0;0;0;0;0,050887;15,82;9,38;9,38;1,028882197;0;0;1;1;0;1;0;0;0;0
TS12;6,2;6;100;13;0;No;1;0,76-1,0;0,53;0,51-0,75;0,169215977;2884;7;4;0,11;1,277;Two;2;Six;6;6;4;2;0;0;0;0;2;0;0;0;0;0;0;0;0;0;0;0;0;0;0;0;0;0;0;0;0;0;0;0;0;0;0;0;0;0;0;14;4;14;0;0,0818;0,0672;0,0894;0,5483;0,1821;0;0;0;0,0152;0,016;0,047953;16,85;9,65;9,8;1,001746358;1;0;0;1;0;1;0;0;0;0
TS13;7,1;7;120;12;3;Yes;0,46;0-0,5;0,87;0,75-1,0;0,409548965;2886;5;4;0,11;1,311;Two;2;Six;6;0;3;0;0;0;0;3;2;0;0;0;0;0;0;0;0;0;0;0;0;0;0;0;0;0;1;0;0;0;0;0;0;0;0;0;0;0;0;9;3;8;0;0;0,0747;0,2247;0,4312;0,2133;0;0;0;0,0561;0;0,048581;20,85;15,97;15,97;0,77755034;1;0;1;1;0;0;0;0;0;0
TS14;7,2;7;120;15;3;Yes;0,54;0,51-0,75;0,87;0,75-1,0;0,377996579;2887;5;6;0,16;1,677;Two;2;Seven;7;0;3;0;0;0;0;2;1;0;0;0;0;0;0;0;0;0;0;0;1;0;0;0;0;1;0;0;0;0;1;0;0;0;0;0;0;0;0;9;3;6;0;0;0,0476;0,0571;0,2083;0,647;0;0;0;0,04;0;0,053994;25,23;14,12;14,12;1,068213369;1;0;1;1;1;0;0;0;0;0
TS15;8,1;8;140;15;0;No;0,3;0-0,5;0,7;0,51-0,75;0,40804016;2888;7;6;0,16;1,748;Two;2;Six;6;0;1;0;0;0;1;2;0;0;0;0;1;0;0;0;0;0;0;0;0;0;0;0;0;1;0;0;0;1;0;0;0;0;0;0;0;0;0;7;4;5;0;0,25;0,0769;0,1578;0,33;0,1431;0;0;0,0422;0;0;0,043552;14,17;8,09;8,085;1,043717152;0;1;1;1;0;0;1;0;0;0
TS16;8,2;8;140;5;0;No;0,49;0-0,5;0,8;0,75-1,0;0,364886204;2889;1;7;0,18;1,615;Two;2;Two;2;0;2;0;0;0;0;2;0;0;0;0;0;0;0;1;0;0;0;0;7;1;0;0;0;0;0;0;0;0;0;0;1;0;1;0;0;0;0;15;3;5;0;1;0;0;0;0;0;0;0;0;0;0,03;0;0;0;0;0;0;1;1;1;0;0;0;0;1
TS17;9,1;9;160;8;0;No;0,56;0,51-0,75;0,78;0,75-1,0;0,332786795;2891;2;5;0,13;1,55;Two;2;One;1;0;2;0;0;0;0;0;0;0;0;0;0;0;1;1;0;0;0;0;2;0;0;0;0;0;0;0;0;0;0;1;0;0;0;0;0;0;0;7;3;4;0,8358;0,1642;0;0;0;0;0;0;0;0;0;0,004926;0;0;0;0;0;0;0;1;1;0;0;0;0;1
TS18;9,2;9;160;5;0;No;0,5;0-0,5;0,76;0,75-1,0;0,343157967;2892;2;6;0,16;1,558;Two;2;One;1;0;0;0;0;0;8;4;2;0;0;0;0;0;0;2;0;0;0;0;2;0;0;0;0;0;0;0;0;0;0;1;0;0;0;0;0;0;0;19;4;15;0,9632;0,0368;0;0;0;0;0;0;0;0;0;0,001104;0;0;0;0;1;0;1;0;1;0;1;0;0;1
TS19;10,1;10;180;6;0;No;0,52;0,51-0,75;0,67;0,51-0,75;0,296646089;2894;5;3;0,08;1,04;Two;2;Six;6;0;2;0;0;0;0;1;0;0;1;0;0;0;0;0;0;0;0;0;0;0;0;0;0;0;0;0;0;0;0;0;0;0;0;0;0;0;0;4;2;3;0;0,1015;0,15;0,1954;0,548;0;0;0;0;0,0051;0;0,046215;11,38;6,74;6,735;1,049608106;0;0;1;1;0;0;0;0;1;0
TS20;10,2;10;180;8;0;No;0,46;0-0,5;0,48;0,25-0,5;0,22595805;2895;5;7;0,18;1,617;Two;2;Eight;8;2;6;0;0;0;0;9;1;0;1;0;0;0;0;0;0;0;0;0;4;0;0;0;0;0;0;0;0;1;0;0;0;0;0;0;0;0;0;24;4;18;0;0,0794;0,1082;0,0298;0,3306;0;0,452;0;0;0;0;0,05637;14,08;8,22;8,225;1,384409547;1;0;1;1;1;1;0;0;1;0
TS21;11,1;11;200;5;0;No;0,68;0,51-0,75;0,65;0,51-0,75;0,251665913;2896;7;4;0,11;1,259;Three;3;Eight;8;2;8;0;0;0;0;5;3;0;0;0;0;0;0;0;0;0;0;0;0;0;0;0;0;0;0;0;0;0;0;0;0;0;0;0;0;0;0;18;4;18;0;0,0657;0,001;0,026;0,0875;0,3309;0,473;0;0;0,0159;0;0,06065;64,9;47,79;23,895;0,855179898;1;0;1;1;0;1;0;0;0;0
TS22;11,2;11;200;12;0;No;0,5;0-0,5;0,91;0,75-1,0;0,410886513;2897;5;8;0,21;1,985;Three;3;Six;6;3;0;3;0;0;1;2;4;0;2;0;0;0;0;0;0;0;0;0;1;0;0;0;0;0;0;0;0;0;2;0;0;0;0;0;0;0;0;18;5;13;0;0,2385;0,092;0,3204;0,3478;0;0;0;0,0013;0;0;0,044245;18,53;15,39;15,39;0,691950842;1;0;1;0;1;1;1;0;1;0
TS23;12,1;12;220;11;0;No;0,66;0,51-0,75;0,84;0,75-1,0;0,330120744;2898;8;9;0,24;1,654;Three;3;Seven;7;1;3;1;0;0;1;15;3;0;1;0;0;0;0;0;0;0;0;0;6;0;0;0;0;0;0;0;0;0;0;0;0;0;0;1;0;0;0;32;6;24;0;0,184;0,1476;0,3161;0,0642;0,2812;0;0;0,0051;0;0,0017;0,047311;10,61;7,19;7,1925;1,048618768;1;0;1;1;1;1;1;0;1;0
TS24;12,2;12;220;8;0;No;0,72;0,51-0,75;0,78;0,75-1,0;0,293490367;2899;7;9;0,24;1,993;Three;3;Six;6;1;4;0;0;0;0;2;1;0;0;0;0;0;0;0;0;0;0;0;0;0;0;1;0;0;0;0;1;1;0;0;1;0;0;4;0;0;0;16;6;10;0;0,1331;0,218;0,2709;0,2711;0,1047;0;0;0;0;0,0022;0,046095;11,15;7,54;7,5375;0,937143327;1;0;1;1;0;1;0;1;0;0
TS25;13,1;13;240;10;0;No;0,72;0,51-0,75;0,8;0,75-1,0;0,301015761;2900;8;9;0,24;1,722;Three;3;Two;2;0;0;0;0;0;0;7;1;0;1;0;0;0;0;0;0;0;0;0;13;1;0;3;0;0;0;0;4;0;1;0;0;0;0;1;0;0;0;32;4;15;0;0,3039;0,217;0,1291;0,229;0,1012;0;0;0,0111;0;0,0086;0,041774;10,19;8,08;8,04;0,877835862;1;0;1;0;1;0;0;1;1;0
TS26;13,2;13;240;9;0;No;0,7;0,51-0,75;0,67;0,51-0,75;0,255676775;2901;6;9;0,24;2,144;Three;3;Two;2;0;1;2;0;0;0;2;1;0;0;0;2;0;1;2;0;0;0;0;0;0;0;0;0;0;0;0;0;0;1;0;2;0;0;0;0;0;0;14;6;9;0;0,3092;0,1946;0,3022;0,1527;0;0;0;0,0048;0;0,0365;0,039805;11,52;8,73;8,73;0,692482715;1;1;1;1;0;0;0;0;0;1
TS27;14,1;14;260;4;0;No;0,78;0,76-1,0;0,06;0-0,25;0,021690494;2902;5;5;0,13;1,55;Three;3;Two;2;0;0;0;0;2;1;0;1;0;0;0;1;0;0;0;0;0;0;0;0;0;0;0;0;0;0;0;2;0;0;0;0;0;0;0;0;0;0;7;4;5;0;0,7367;0,0629;0;0;0;0;0;0,1989;0;0,0015;0,024617;5,54;5,19;5,19;0,499641284;1;1;0;0;0;0;1;0;0;0
TS28;14,2;14;260;19;0;No;0,92;0,76-1,0;0;0-0,25;0;2903;4;3;0,08;0,868;Three;3;Two;2;0;4;0;0;0;1;0;0;0;1;0;0;0;0;0;0;0;0;0;0;0;0;0;0;0;0;0;0;0;0;0;0;0;0;0;0;0;0;6;2;5;0;0,4573;0,2351;0,1482;0,1595;0;0;0;0;0;0;0,038508;9,69;7,53;7,53;0,72254845;0;0;0;1;0;0;1;0;1;0
TS29;15,1;15;280;9;2;Yes;1,38;1,01-1,5;0,53;0,51-0,75;0,144046206;2904;5;9;0,24;1,773;Three;3;Eight;8;0;3;0;1;0;1;1;2;0;1;0;0;0;1;0;0;0;0;0;9;0;0;0;0;0;0;0;0;0;0;0;1;0;0;0;0;0;0;20;6;9;0;0;0,1148;0,1639;0,2937;0;0,3663;0;0;0,0613;0;0,053113;14,74;9,48;9,475;1,149995287;1;0;1;1;1;0;1;0;1;0
TS30;15,2;15;280;7;5;Yes;1,22;1,01-1,5;0,47;0,25-0,5;0,135857444;2905;4;5;0,13;1,483;Three;3;Two;2;0;3;0;0;0;0;3;1;0;0;0;0;0;3;0;0;0;0;0;0;0;0;0;0;0;0;0;0;0;0;0;0;0;0;0;0;0;6;16;5;16;0;0,3304;0,2813;0,2104;0,1779;0;0;0;0;0;0;0,040579;9,48;7,62;7,6225;0,768321697;1;0;1;1;0;0;0;0;0;0
TS31;16,1;16;300;8;0;No;0,62;0,51-0,75;0,79;0,75-1,0;0,320329358;2906;6;8;0,21;1,875;Four;4;Five;5;0;4;0;0;0;0;5;2;0;1;0;0;0;0;0;0;0;0;0;3;0;0;0;0;0;0;0;0;1;0;0;1;0;0;0;1;0;0;18;3;11;0;0,0983;0,1212;0,3784;0,2118;0,1614;0;0;0;0,0288;0;0,046991;15,29;10,78;10,7775;0,823591741;1;0;1;1;1;0;0;0;1;0
TS32;16,2;16;300;15;3;Yes;1,04;1,01-1,5;0,19;0-0,25;0,05948431;2907;5;4;0,11;1,103;Four;4;Two;2;7;0;12;0;0;0;3;0;0;0;0;0;0;0;0;0;0;0;0;1;0;0;0;0;0;0;0;0;0;0;0;0;0;0;0;0;0;0;23;3;22;0;0,2653;0,2343;0,2056;0,1425;0,1523;0;0;0;0;0;0,043874;10,04;7,02;7,02;0,968897878;0;0;1;0;1;1;0;0;0;0
TS33;17,1;17;320;10;3;Yes;0,72;0,51-0,75;0,99;0,75-1,0;0,372507004;2908;5;8;0,21;1,968;Four;4;Six;6;1;4;4;0;0;0;3;2;0;0;0;0;0;0;0;0;0;0;0;2;0;0;0;0;0;0;1;0;0;0;0;0;0;0;0;2;0;0;19;6;15;0;0,1762;0,1794;0,1895;0,3218;0,1331;0;0;0;0;0;0,046013;10,66;7,15;7,15;1,047200687;1;0;1;1;1;1;0;0;0;0
TS34;17,2;17;320;11;9;Yes;0,56;0,51-0,75;0,75;0,51-0,75;0,319987303;2909;5;11;0,29;1,602;Four;4;Six;6;5;1;1;0;0;2;28;2;0;1;0;0;0;1;2;0;0;0;0;8;0;0;0;0;0;0;0;0;0;1;0;0;0;0;0;0;0;0;52;7;40;0;0,0891;0,2271;0,2578;0,426;0;0;0;0;0;0;0,045947;7,97;4,29;4,285;1,14625406;1;0;1;1;1;1;1;0;1;1
TS35;18,1;18;340;9;3;Yes;0,66;0,51-0,75;0,91;0,75-1,0;0,357630805;2910;6;8;0,21;1,878;Four;4;Eleven;11;0;0;0;0;0;3;6;4;0;2;1;0;0;0;0;0;0;0;0;7;1;0;0;0;0;0;0;0;0;0;0;7;0;0;0;0;0;0;31;3;13;0;0,1544;0,0894;0,0967;0,1491;0;0;0,4959;0;0;0,0145;0,020498;12,92;11,04;11,04;0,772285047;1;0;1;0;1;0;1;0;1;0
TS36;18,2;18;340;12;6;Yes;0,62;0,51-0,75;0,88;0,75-1,0;0,356822576;2911;6;9;0,24;1,716;Four;4;Six;6;0;1;0;0;0;3;12;2;0;0;0;1;0;1;1;0;0;0;0;1;0;0;0;0;0;0;0;0;0;0;0;6;0;0;0;0;0;0;28;6;20;0;0,1623;0,1942;0,2865;0,3056;0,0514;0;0;0;0;0;0,045326;9,5;5,51;5,585;1,086127828;1;1;1;1;1;0;1;0;0;1
TS37;19,1;19;360;11;0;No;0,5;0-0,5;0,3;0,25-0,5;0,135457092;2912;2;3;0,08;1,011;Four;4;Two;2;2;0;0;0;0;0;3;0;0;0;0;0;0;0;0;0;0;0;0;0;0;0;1;0;0;0;0;0;0;0;0;0;0;0;0;0;0;0;6;3;6;0;0,9514;0;0;0;0;0;0,0486;0;0;0;0,028542;0;0;0;0;0;0;1;0;0;1;0;1;0;0
TS38;19,2;19;360;9;0;No;0,36;0-0,5;0,38;0,25-0,5;0,202207771;2913;6;7;0,18;1,82;Four;4;Two;2;0;0;1;0;0;1;0;0;1;3;0;2;0;0;0;0;0;0;0;0;0;0;0;0;1;0;0;0;0;0;0;3;0;0;0;0;0;0;12;3;4;0;0,6937;0,119;0,063;0,0981;0;0;0;0,0117;0;0,0145;0,033626;8,84;7,16;7,155;0,818567504;0;1;0;0;0;0;1;0;1;0
TS39;20,1;20;380;5;0;No;1,1;1,01-1,5;0,61;0,51-0,75;0,185694478;2914;5;12;0,32;2,22;Four;4;Six;6;1;0;0;0;0;0;8;1;0;0;0;2;0;0;2;0;0;0;0;4;0;0;2;0;0;0;0;0;1;1;0;0;0;0;4;1;0;2;29;6;16;0;0,1741;0,0707;0,2384;0,5095;0;0;0;0;0;0,0073;0,045446;24;19,16;19,155;0,538397002;1;1;1;0;1;1;0;1;0;1
TS40;20,2;20;380;12;0;No;0,72;0,51-0,75;0,19;0-0,25;0,071491243;2915;6;5;0,13;1,494;Four;4;Six;6;0;3;0;0;0;0;1;0;0;1;0;0;0;0;0;0;0;0;0;0;0;0;0;0;0;0;0;0;0;1;0;0;0;0;2;0;0;0;8;2;4;0;0,1279;0,0903;0,1527;0,5035;0,1138;0;0;0;0,0119;0;0,047087;18,59;12,44;12,44;0,833024147;0;0;1;1;0;0;0;0;1;0
TS41;21,1;21;400;14;1;Yes;0,86;0,76-1,0;0,58;0,51-0,75;0,199684458;2916;6;3;0,08;1,04;Five;5;Six;6;1;0;0;0;0;0;0;0;0;0;0;1;0;0;0;0;0;0;0;2;0;0;0;0;0;0;0;0;0;0;0;0;0;0;0;0;0;0;4;2;2;0;0,2271;0,1498;0,111;0,3726;0,1396;0;0;0;0;0;0,045361;8,52;5,01;5,005;1,254732147;0;1;0;0;1;1;0;0;0;0
TS42;21,2;21;400;9;0;No;0,94;0,76-1,0;0,73;0,51-0,75;0,240394446;2917;4;9;0,24;2,003;Five;5;Six;6;2;0;1;0;0;1;5;1;0;0;0;3;0;2;0;0;0;0;0;1;0;0;0;0;0;0;0;0;0;1;0;0;0;0;0;0;0;0;17;7;15;0;0,1906;0,0713;0,1646;0,5736;0;0;0;0;0;0;0,04548;21,1;13,55;13,55;0,792255639;1;1;1;0;1;1;1;0;0;0
TS43;22,1;22;420;8;1;Yes;0,68;0,51-0,75;0,69;0,51-0,75;0,267153046;2918;4;6;0,16;1,583;Five;5;Six;6;0;1;0;0;0;2;8;4;0;0;0;0;0;0;0;0;0;0;0;2;0;0;0;0;0;0;0;0;0;0;0;0;0;0;0;0;0;3;20;5;18;0;0,1255;0,1974;0,1992;0,4778;0;0;0;0;0;0;0,045511;9,74;6,09;6,0975;1,061161648;1;0;1;1;1;0;1;0;0;0
TS44;22,2;22;420;10;1;Yes;0,52;0,51-0,75;0,69;0,51-0,75;0,305501196;2919;5;7;0,18;1,735;Five;5;Six;6;2;0;1;0;0;1;5;7;0;0;0;0;0;6;3;0;0;0;0;0;0;0;0;0;0;0;0;0;0;0;0;0;0;0;0;0;0;0;25;6;22;0;0,1218;0,1398;0,195;0,5434;0;0;0;0;0;0;0,046166;12,51;7,88;7,875;1,002987508;1;0;1;0;0;1;1;0;0;1
TS45;23,1;23;440;9;0;No;0,44;0-0,5;0,81;0,75-1,0;0,389873913;2920;6;5;0,13;1,359;Five;5;Six;6;0;2;0;0;0;0;5;0;0;0;0;0;0;0;1;0;0;0;0;0;0;0;1;0;0;0;0;0;0;0;0;1;0;0;0;0;0;0;10;3;8;0;0,0395;0,0501;0,0851;0,5331;0,2923;0;0;0;0;0;0,051637;23,16;12,65;12,65;0,858941372;0;0;1;1;0;0;0;1;0;1
TS46;23,2;23;440;15;0;No;0,44;0-0,5;1,01;1,0-1,25;0,486139077;2921;4;14;0,37;2,271;Five;5;Six;6;4;4;1;0;0;1;23;13;0;1;0;0;0;1;4;0;0;0;0;4;0;1;0;0;0;0;0;3;0;0;0;2;0;0;0;0;1;0;63;9;51;0;0,1296;0,1414;0,3371;0,3919;0;0;0;0;0;0;0,045994;16,98;14,96;14,9625;0,655524902;1;0;1;1;1;1;1;0;1;1
TS47;24,1;24;460;7;1;Yes;0,72;0,51-0,75;0,63;0,51-0,75;0,237049912;2922;5;9;0,24;1,855;Five;5;Six;6;7;9;2;0;0;0;3;3;0;0;0;0;0;0;0;0;0;0;0;0;0;0;1;0;1;0;0;0;1;0;0;1;0;0;0;0;0;0;28;6;25;0;0,0649;0,1122;0,2193;0,5059;0,0976;0;0;0;0;0;0,048551;14,52;9,07;9,18;0,950260244;1;0;1;1;0;1;0;1;0;0
TS48;24,2;24;460;11;0;No;0,78;0,76-1,0;0,72;0,51-0,75;0,260285929;2923;5;9;0,24;1,817;Five;5;Seven;7;4;6;0;0;0;0;2;9;0;0;0;1;0;0;1;0;0;0;0;0;0;1;1;0;0;0;0;0;0;1;0;0;0;0;0;0;0;0;26;7;24;0;0;0,0119;0,1029;0,1324;0,6998;0;0;0;0,053;0;0,054229;40,92;26,84;26,835;0,815833039;1;1;1;1;0;1;0;1;0;1
TS49;25,1;25;480;13;0;No;0,66;0,51-0,75;0,9;0,75-1,0;0,353700797;2925;5;6;0,16;1,498;Five;5;Six;6;2;0;0;0;0;0;3;8;0;1;0;0;0;0;0;0;0;0;0;0;0;1;0;0;0;0;2;0;0;0;0;0;0;0;0;0;0;0;17;5;16;0;0,2372;0,1166;0,1405;0,2817;0,2239;0;0;0;0;0;0,046324;14,1;8,03;8,03;0,989165473;1;0;1;0;0;1;0;0;1;0
TS50;25,2;25;480;9;0;No;0,7;0,51-0,75;0,68;0,51-0,75;0,259492846;2926;5;9;0,24;1,964;Five;5;Seven;7;4;2;1;0;0;0;9;3;0;1;0;0;0;2;0;0;0;0;0;0;0;0;0;0;0;0;0;0;0;2;0;4;0;0;0;0;0;0;28;6;21;0;0,1239;0,1109;0,1204;0,3166;0,3282;0;0;0;0;0;0,049695;13,34;7,58;7,5825;1,117492635;1;0;1;1;0;1;0;0;1;0
TS51;26,1;26;500;9;0;No;0,54;0,51-0,75;0,69;0,51-0,75;0,29979039;2927;6;6;0,16;1,705;Six;6;Eight;8;2;3;1;0;0;0;3;0;0;0;0;0;0;0;0;0;0;0;0;2;0;0;0;0;1;0;0;0;0;0;0;0;0;0;0;0;0;0;12;4;9;0;0,0749;0,0668;0,105;0,2788;0;0,4559;0;0;0,0185;0;0,056022;24,39;16,59;16,59;1,107244774;0;0;1;1;1;1;0;0;0;0
TS52;26,2;26;500;6;1;Yes;0,64;0,51-0,75;0,85;0,75-1,0;0,339230143;2928;5;8;0,21;1,722;Six;6;Six;6;0;1;0;0;0;1;3;0;0;1;0;8;0;0;0;0;0;0;0;3;0;0;0;0;0;0;0;0;1;0;0;1;0;0;0;0;0;0;19;4;13;0;0;0,1351;0,2349;0,2745;0,2695;0;0;0;0,086;0;0,047044;15,07;10,17;10,1675;0,896564241;0;1;1;1;1;0;1;0;1;0
TS53;27,1;27;520;5;0;No;0,86;0,76-1,0;0,71;0,51-0,75;0,24444132;2929;4;8;0,21;1,799;Six;6;Six;6;4;10;2;0;0;3;1;2;0;0;0;0;0;0;0;0;0;0;0;3;0;0;0;0;1;0;0;0;0;0;0;0;0;0;0;0;0;0;26;6;22;0;0,1293;0,1974;0,2572;0,4161;0;0;0;0;0;0;0,04544;11,46;7,77;7,765;0,922963431;1;0;1;1;1;1;1;0;0;0
TS54;27,2;27;520;10;0;No;0,88;0,76-1,0;0,48;0,25-0,5;0,1633674;2930;5;4;0,11;1,003;Six;6;Six;6;0;0;0;0;0;0;1;0;0;0;0;1;0;0;0;0;0;0;0;6;0;0;0;0;0;0;1;0;0;0;0;0;0;0;0;0;0;0;9;3;3;0;0,0835;0,1991;0,2355;0,334;0;0;0;0,1479;0;0;0,038944;9,99;6,69;6,6925;0,948799469;0;1;1;0;1;0;0;0;0;0
TS55;28,1;28;540;12;0;No;0,64;0,51-0,75;0,97;0,75-1,0;0,387121457;2931;5;8;0,21;1,756;Six;6;Six;6;6;0;11;0;0;0;7;5;0;0;0;0;0;0;0;0;0;0;0;1;2;0;0;0;0;0;1;1;0;0;0;0;0;0;0;0;0;0;34;6;31;0;0,083;0,141;0,2934;0,3634;0,1193;0;0;0;0;0;0,048128;16,43;12,23;12,225;0,731347747;1;0;1;0;1;1;0;0;0;0
TS56;28,2;28;540;6;0;No;0,34;0-0,5;0,83;0,75-1,0;0,454468859;2932;5;5;0,13;1,437;Six;6;Seven;7;0;0;0;0;0;0;6;2;0;0;0;0;0;0;0;0;0;1;0;4;0;2;0;0;0;0;0;0;0;0;0;0;0;0;0;0;0;0;15;4;11;0;0,0478;0,1219;0,1669;0,2242;0,4393;0;0;0;0;0;0,052223;16,34;11,96;11,9625;1,101150881;1;0;1;0;1;0;0;0;0;0
TS57;29,1;29;560;8;0;No;0,24;0-0,5;0,59;0,51-0,75;0,384513761;2935;NA;11;0,29;1,998;Six;6;NA;NA;2;4;3;0;0;1;12;1;0;1;0;2;0;0;1;0;0;0;0;4;0;0;0;0;0;0;0;0;0;1;0;0;0;0;0;0;0;0;32;7;25;NA;NA;NA;NA;NA;NA;NA;NA;NA;NA;NA;NA;NA;NA;NA;NA;1;1;1;1;1;1;1;0;1;1
TS58;29,2;29;560;14;0;No;0,16;0-0,5;0,75;0,51-0,75;0,598641428;2936;NA;14;0,37;2,191;Six;6;NA;NA;5;2;2;0;0;2;26;6;0;0;0;1;0;8;0;0;0;0;0;8;0;3;0;0;0;0;0;0;0;0;0;4;0;0;3;3;1;0;74;9;55;NA;NA;NA;NA;NA;NA;NA;NA;NA;NA;NA;NA;NA;NA;NA;NA;1;1;1;1;1;1;1;0;0;0
TS59;30,1;30;580;8;0;No;0,1;0-0,5;0,65;0,51-0,75;0,656264411;2937;6;14;0,37;1,948;Six;6;Six;6;1;17;0;0;0;7;27;2;0;0;0;2;0;2;2;0;0;0;0;8;0;1;0;0;0;0;2;0;1;1;0;1;0;0;0;0;0;0;74;9;61;0;0,2702;0,0937;0,1865;0,3192;0;0;0,1304;0;0;0;0,037139;19,03;15,43;15,4275;0,59586142;1;1;1;1;1;1;1;0;0;1
TS60;30,2;30;580;14;0;No;0,04;0-0,5;0,22;0-0,25;0,351202971;2938;5;12;0,32;1,949;Six;6;Four;4;0;0;0;0;0;13;12;4;1;4;1;1;0;0;1;0;0;0;0;0;0;0;4;0;0;0;0;1;1;0;1;0;0;1;0;0;0;0;45;8;37;0;0,1332;0,4741;0,2618;0,127;0;0;0;0;0,0039;0;0,0424;8,03;6,67;6,67;0,720569449;1;1;1;0;0;0;1;1;1;1
TS61;31,1;31;600;13;0;No;0,28;0-0,5;0,84;0,75-1,0;0,50683403;2939;5;5;0,13;1,471;Seven;7;Four;4;0;0;0;0;0;0;4;2;0;2;0;0;0;0;0;0;0;0;0;0;0;0;0;0;0;1;1;0;0;0;0;0;0;0;0;0;0;0;10;3;7;0;0,1871;0,3551;0,1938;0,264;0;0;0;0;0;0;0,042707;8,98;7,02;7,015;0,882847325;1;0;1;0;0;0;0;0;1;0
TS62;31,2;31;600;14;0;No;0,26;0-0,5;0,94;0,75-1,0;0,588581593;2940;4;13;0,34;2,218;Seven;7;Twelve;12;5;3;0;0;0;0;8;4;0;3;0;2;0;3;0;1;0;0;1;11;0;0;1;0;0;0;13;0;0;0;0;0;0;0;1;0;0;0;56;9;40;0;0,3431;0,0073;0,0135;0;0;0;0;0,5934;0;0,0427;0,01126;11,94;12,06;12,055;0,461928914;1;1;1;1;1;1;0;1;1;0
TS63;32,1;32;620;1;0;No;0,49;0-0,5;0,43;0,25-0,5;0,196126335;2941;6;5;0,13;1,274;Seven;7;Five;5;3;0;0;0;0;0;10;2;0;0;0;0;0;0;0;0;0;0;0;0;0;0;1;0;0;0;0;0;2;0;0;0;0;0;0;0;0;0;18;4;16;0;0,1532;0,4085;0,4383;0;0;0;0;0;0;0;0,042851;8,95;7,55;7,55;0,666822157;1;0;1;0;0;1;0;1;0;0
TS64;32,2;32;620;7;0;No;0,28;0-0,5;0,95;0,75-1,0;0,573205153;2942;7;8;0,21;1,934;Seven;7;Five;5;2;1;0;0;0;0;4;0;0;1;0;0;0;0;0;0;0;0;0;1;0;0;2;0;0;0;1;0;0;0;0;0;0;0;0;0;0;3;15;6;13;0;0,2076;0,2061;0,3382;0,2467;0;0;0;0;0;0,0015;0,043717;9,42;5,5;5,495;0,940646589;0;0;1;1;1;1;0;1;1;0
TS65;33,1;33;640;12;0;No;0,66;0,51-0,75;0,81;0,75-1,0;0,318330717;2943;3;7;0,18;1,887;Seven;7;Five;5;0;0;0;0;0;0;2;2;0;1;0;0;0;1;1;0;0;0;0;2;0;0;0;0;0;0;0;0;0;0;0;0;0;0;1;0;0;0;10;3;5;0;0,0432;0,1424;0,3461;0,2607;0,2047;0;0;0;0;0,0028;0,049614;11,78;6,92;6,915;1,060931826;1;0;1;0;1;0;0;0;1;1
TS66;33,2;33;640;7;0;No;0,6;0,51-0,75;1,05;1,0-1,25;0,432791946;2944;4;9;0,24;1,836;Seven;7;Two;2;1;5;0;0;0;0;10;5;0;0;0;0;0;2;0;0;0;0;0;1;0;0;0;0;0;0;0;1;2;1;0;0;0;0;0;0;0;0;28;6;24;0;0,6233;0,0121;0;0;0;0;0;0,3647;0;0;0,019183;9,26;9,5;9,5;0,354261549;1;0;1;1;1;1;0;0;0;0
TS67;34,1;34;660;15;0;No;0,4;0-0,5;0,35;0,25-0,5;0,176686572;2945;6;5;0,13;1,262;Seven;7;Two;2;0;4;0;0;0;9;0;0;0;0;0;0;0;0;2;1;0;0;0;1;0;0;0;0;0;0;0;0;0;0;0;0;0;0;0;0;0;0;17;3;14;0;0,3361;0,3273;0,2952;0;0;0;0;0;0;0,0414;0,037935;10,75;9,63;9,6325;0,525906088;0;0;0;1;1;0;1;0;0;1
TS68;34,2;34;660;11;0;No;0,66;0,51-0,75;0,75;0,51-0,75;0,294750664;2946;5;9;0,24;1,97;Seven;7;Four;4;3;7;0;0;0;3;3;6;0;2;0;3;0;12;0;0;0;0;0;1;0;0;0;0;0;0;0;0;0;0;0;0;0;0;0;0;0;0;40;7;37;0;0,2025;0,4085;0,3888;0;0;0;0,0001;0,0001;0;0;0,041855;8,77;7,53;7,55;0,666822157;1;1;1;1;1;1;1;0;1;0
TS69;35,1;35;680;12;0;No;0,64;0,51-0,75;0,15;0-0,25;0,059864143;2947;5;8;0,21;1,808;Seven;7;Two;2;1;0;1;0;0;2;7;0;0;1;0;0;0;0;3;0;0;0;0;1;0;0;3;0;0;0;0;0;0;0;0;0;0;0;0;0;0;0;19;5;14;0;0,3383;0,3318;0,2489;0,0382;0;0;0;0;0;0,0427;0,037776;10,19;8,49;8,49;0,589487442;0;0;1;0;1;1;1;1;1;1
TS70;35,2;35;680;8;0;No;0,8;0,76-1,0;0,63;0,51-0,75;0,224885292;2948;5;10;0,26;2,142;Seven;7;Seven;7;2;0;1;0;0;0;2;0;0;0;0;0;0;2;1;0;0;0;0;4;0;0;0;0;0;0;1;0;0;0;0;4;0;0;1;0;0;1;19;6;9;0;0,0446;0,0551;0,2153;0,2436;0,4415;0;0;0;0;0;0,052977;27,84;21,76;21,755;0,829929236;0;0;1;0;1;1;0;0;0;1
TS71;36,1;36;700;13;0;No;1,16;1,01-1,5;0,83;0,75-1,0;0,246045028;2949;5;14;0,37;1,926;Eight;8;Seven;7;4;2;1;0;0;0;28;9;0;1;0;1;0;0;3;0;0;0;0;2;0;0;7;0;0;0;1;2;0;0;0;1;0;0;1;0;0;0;63;9;55;0;0,1184;0,0582;0,1636;0,1231;0,5367;0;0;0;0;0;0,052417;24,87;19,49;19,49;0,970695683;1;1;1;1;1;1;0;1;1;1
TS72;36,2;36;700;5;0;No;0,92;0,76-1,0;0,72;0,51-0,75;0,239664704;2950;5;13;0,34;2,124;Eight;8;Seven;7;0;3;2;0;0;25;19;12;0;2;0;0;0;6;3;2;0;0;0;8;0;1;0;0;0;0;0;0;2;5;0;0;0;0;0;0;0;0;90;8;70;0;0,1123;0,0954;0,1268;0,2666;0,3889;0;0;0;0;0;0,050189;17,01;10,32;10,32;1,139050552;1;0;1;1;1;0;1;0;1;1
TS73;37,1;37;720;12;0;No;0,96;0,76-1,0;0,25;0-0,25;0,08146478;2951;7;4;0,11;1,332;Eight;8;Seven;7;0;0;0;0;0;1;0;2;0;0;0;0;0;1;0;0;0;0;0;1;0;0;0;0;0;0;0;0;0;0;0;0;0;0;0;0;0;0;5;3;4;0;0,093;0,0215;0,0899;0,1285;0,6671;0;0;0;0;0;0,054596;25,08;12,23;12,23;1,166665417;1;0;0;0;1;0;1;0;0;0
TS74;37,2;37;720;9;0;No;0,92;0,76-1,0;0,8;0,75-1,0;0,266294116;2952;5;3;0,08;0,974;Eight;8;Six;6;0;1;0;0;0;4;0;3;0;0;0;0;0;0;0;0;0;0;0;0;0;0;0;0;0;0;0;0;0;0;0;0;0;0;0;0;0;0;8;3;8;0;0,0807;0,0718;0,163;0,5115;0,14;0;0;0;0;0,033;0,047418;14,64;6,85;6,845;1,131455983;1;0;0;1;0;0;1;0;0;0
TS75;38,1;38;740;10;0;No;0,96;0,76-1,0;0,8;0,75-1,0;0,260687296;2953;6;8;0,21;1,756;Eight;8;Six;6;2;7;1;0;0;0;11;2;0;0;0;0;0;0;3;0;0;0;0;0;0;0;1;0;0;0;0;0;0;0;0;3;0;0;0;0;0;0;30;6;24;0;0,2641;0,1947;0,2248;0,3067;0;0;0;0,0096;0;0;0,042286;11,82;9,08;9,0825;0,846032993;1;0;1;1;0;1;0;1;0;1
TS76;38,2;38;740;5;0;No;0,7;0,51-0,75;0,58;0,51-0,75;0,221332133;2954;4;5;0,13;1,499;Eight;8;Six;6;1;2;0;0;0;4;4;0;0;2;0;0;0;0;0;0;0;0;0;0;0;0;0;0;0;0;0;0;0;0;0;0;0;0;0;0;0;0;13;4;11;0;0,2986;0,161;0,2087;0,3263;0;0;0;0,0055;0;0;0,042148;8,46;4,48;4,4825;1,054804269;0;0;1;1;0;1;1;0;1;0
TS77;39,1;39;760;6;0;No;0,92;0,76-1,0;0,57;0,51-0,75;0,189734557;2955;4;5;0,13;2,432;Eight;8;Six;6;0;2;0;0;0;0;4;0;0;0;0;0;0;0;1;0;0;0;0;2;0;0;0;0;0;0;0;0;0;0;0;1;0;0;0;0;0;0;10;2;6;0;0,1322;0,1528;0,3109;0,4041;0;0;0;0;0;0;0,045828;13,6;9,33;9,33;0,852024409;0;0;1;1;1;0;0;0;0;1
TS78;39,2;39;760;7;0;No;1,08;1,01-1,5;0,64;0,51-0,75;0,196622672;2956;5;9;0,24;1,956;Eight;8;Four;4;1;2;0;0;0;1;3;2;0;0;0;0;0;0;0;0;0;0;0;6;0;0;0;0;0;0;0;0;0;0;0;1;0;0;0;1;1;0;18;5;9;0;0,1042;0,4173;0,4117;0,0667;0;0;0;0;0;0;0,043738;9,64;7,2;7,195;0,698958948;1;0;1;1;1;1;1;0;0;0
TS79;40,1;40;780;11;0;No;0,36;0-0,5;0,95;0,75-1,0;0,505519428;2958;5;4;0,11;1,192;Eight;8;Six;6;2;9;0;0;0;0;6;0;0;0;0;0;0;0;2;0;0;0;0;0;0;0;0;0;0;0;0;0;0;0;0;0;0;0;0;0;0;0;19;3;17;0;0,0863;0,2433;0,3073;0,363;0;0;0;0;0;0;0,045836;8,29;5,06;5,06;1,010526148;0;0;1;1;0;1;0;0;0;1
TS80;40,2;40;780;15;0;No;0,34;0-0,5;1,13;1,0-1,25;0,618734712;2959;5;7;0,18;1,746;Eight;8;Five;5;6;7;0;0;0;0;13;3;0;3;0;0;0;2;0;0;0;0;0;3;0;0;0;0;0;0;0;0;0;0;0;0;0;0;0;0;0;0;37;5;31;0;0,1438;0,3092;0,31;0,2371;0;0;0;0;0;0;0,044037;9,26;6,47;6,4725;0,864570944;1;0;1;1;1;1;0;0;1;0
TS81;41,1;41;800;7;0;No;0,52;0,51-0,75;0,98;0,75-1,0;0,43390025;2960;6;8;0,21;1,791;Nine;9;Four;4;0;6;0;0;1;0;9;7;0;2;0;0;1;6;0;1;0;0;0;0;0;0;0;0;0;0;0;0;0;0;0;0;0;0;0;0;0;0;33;5;29;0;0,1536;0,2954;0,2852;0,2632;0;0;0;0;0;0,0026;0,043844;9,01;6,12;6,115;0,914816267;1;0;1;1;0;0;0;0;1;0
TS82;41,2;41;800;8;0;No;0,54;0,51-0,75;1,01;1,0-1,25;0,438823614;2961;5;14;0,37;2,343;Nine;9;Two;2;3;7;1;0;0;5;6;7;0;1;0;0;0;2;0;0;0;0;0;10;0;0;3;0;0;0;1;1;2;0;1;0;0;0;0;0;0;0;50;11;37;0;0,3858;0,2709;0,1458;0,1736;0;0;0;0;0;0,024;0,03838;4,93;3,53;3,53;1,079614933;1;0;1;1;1;1;1;1;1;0
TS83;42,1;42;820;15;0;No;0,36;0-0,5;0,58;0,51-0,75;0,308632914;2962;6;6;0,16;1,696;Nine;9;Six;6;1;2;0;0;0;1;3;0;0;0;0;0;0;0;1;0;0;0;0;2;0;0;0;0;0;0;0;0;0;0;0;0;0;0;0;0;0;0;10;4;7;0;0,2656;0,2126;0,1857;0,322;0;0;0;0;0;0,0142;0,041857;12,7;9,32;9,32;0,746599557;0;0;1;1;1;1;1;0;0;1
TS84;42,2;42;820;11;0;No;0,52;0,51-0,75;0,72;0,51-0,75;0,318783857;2963;6;6;0,16;1,242;Nine;9;Two;2;0;11;0;0;0;0;3;0;0;1;0;0;0;1;1;0;0;0;0;0;0;0;1;0;0;0;0;0;0;0;0;0;0;0;0;0;0;0;18;4;16;0;0,3282;0,2125;0,173;0,1883;0,0911;0;0;0;0;0,007;0,041877;11,82;8,37;8,365;0,935382308;0;0;1;1;0;0;0;1;1;1
TS85;43,1;43;840;12;0;No;0,68;0,51-0,75;0,55;0,51-0,75;0,21294808;2964;5;11;0,29;2,118;Nine;9;Two;2;2;2;0;0;0;0;8;2;0;1;0;1;1;4;0;0;0;0;0;3;0;0;0;0;1;1;0;0;0;0;0;0;0;0;0;0;0;0;26;6;19;0;0,3209;0,132;0,2124;0,179;0,1508;0;0;0;0;0,0049;0,043525;12,97;9,19;9,19;0,840987345;1;1;1;1;1;1;0;0;1;0
TS86;43,2;43;840;5;0;No;0,64;0,51-0,75;0,51;0,51-0,75;0,203538086;2965;4;5;0,13;1,395;Nine;9;Four;4;0;2;0;0;0;0;7;3;0;2;0;0;0;0;0;0;0;0;0;0;0;0;0;0;0;1;0;0;0;0;0;0;0;0;0;0;0;0;15;3;12;0;0,26;0,3493;0,2789;0;0,1032;0;0;0;0;0,0085;0,041909;10,38;7,85;7,845;0,704835356;1;0;1;1;0;0;0;0;1;0
TS87;44,1;44;860;10;0;No;0,6;0,51-0,75;0,59;0,51-0,75;0,243187855;2966;4;9;0,24;2,098;Nine;9;Four;4;0;0;0;0;0;0;2;0;0;1;0;1;0;0;1;0;0;0;0;2;0;0;0;0;0;0;0;0;1;1;0;0;0;0;1;0;0;3;13;3;6;0;0,2511;0,5592;0,1896;0;0;0;0;0;0;0;0,039381;6,14;4,95;4,945;0,653231606;0;1;1;0;1;0;0;0;1;1
TS88;44,2;44;860;7;0;No;0,72;0,51-0,75;0,44;0,25-0,5;0,165558668;2967;5;9;0,24;1,872;Nine;9;Six;6;1;3;0;0;0;0;8;0;0;1;0;0;0;3;1;0;0;0;0;2;0;0;0;0;0;0;0;1;1;0;0;0;0;0;0;0;0;0;21;5;16;0;0,0863;0,1298;0,2538;0,5301;0;0;0;0;0;0;0,046976;17,88;14,01;14,01;0,76154912;0;0;1;1;1;1;0;0;1;1
TS89;45,1;45;880;8;0;No;0,46;0-0,5;0,55;0,51-0,75;0,258910265;2968;5;7;0,18;1,887;Nine;9;Six;6;1;2;0;0;0;1;1;2;0;0;0;0;0;0;0;0;0;0;0;1;0;0;0;0;2;0;0;0;0;0;0;0;0;0;0;0;0;0;10;5;7;0;0,0598;0,1034;0,2871;0,3872;0,1625;0;0;0;0;0;0,049395;21,18;16,97;16,9725;0,705309724;1;0;1;1;1;1;1;0;0;0
TS90;45,2;45;880;7;0;No;0,66;0,51-0,75;0,73;0,51-0,75;0,286890646;2969;6;7;0,18;1,719;Nine;9;Seven;7;0;3;0;0;0;1;7;2;0;2;0;0;0;0;0;0;0;0;0;0;0;0;1;0;0;0;0;0;0;0;0;2;0;0;0;0;0;0;18;5;14;0;0,1234;0,0827;0,2179;0,2236;0,3524;0;0;0;0;0;0,050229;19,58;13,63;13,63;0,902137348;1;0;1;1;0;0;1;1;1;0
TS91;46,1;46;900;9;0;No;0,62;0,51-0,75;0,76;0,75-1,0;0,308164952;2971;2;5;0,13;1,296;Ten;10;Seven;7;0;5;0;0;1;0;11;6;0;0;0;0;0;0;0;0;1;0;0;0;0;0;0;0;0;0;0;0;0;0;0;0;0;0;0;0;0;0;24;3;22;0;0,2337;0,0327;0,0443;0,0721;0,5576;0;0;0,0596;0;0;0,047595;23,21;10,76;10,755;1,270257249;1;0;1;1;0;0;0;0;0;0
TS92;46,2;46;900;13;0;No;0,84;0,76-1,0;0,7;0,51-0,75;0,243850636;2972;3;9;0,24;1,296;Ten;10;Two;2;2;0;0;0;0;1;6;3;0;2;0;0;0;7;0;0;0;0;0;1;0;0;2;0;0;0;1;0;0;0;0;0;0;0;0;0;0;0;25;7;22;0;0,9764;0;0,0236;0;0;0;0;0;0;0;0,030472;41,03;41,03;41,03;0;1;0;1;0;1;1;1;1;1;0
TS93;47,1;47;920;7;0;No;1,3;1,01-1,5;0,52;0,51-0,75;0,145611999;2975;4;8;0,21;1,515;Ten;10;Two;2;0;1;0;0;0;0;3;0;0;1;0;0;0;3;0;0;0;0;0;2;0;0;0;0;0;0;1;0;0;2;0;0;0;0;0;0;0;16;29;5;24;0;0,7935;0,0278;0;0;0;0;0;0,1787;0;0;0,024917;8,17;7,59;7,59;0,266681992;0;0;1;1;1;0;0;0;1;0
TS94;47,2;47;920;18;0;No;0,34;0-0,5;0;0-0,25;0;2976;4;6;0,16;1,586;Ten;10;Two;2;0;0;0;0;0;0;0;0;0;5;2;0;0;0;3;1;0;0;0;1;0;0;0;1;0;0;0;0;0;0;0;0;0;0;0;0;0;0;13;1;1;0;0,8555;0,0627;0,0232;0;0;0;0;0,0586;0;0;0,029333;13,83;12,83;12,8325;0,247092102;0;0;0;0;1;0;0;0;1;1
TS95;48,1;48;940;13;0;No;0,72;0,51-0,75;0,21;0-0,25;0,079016637;2977;4;7;0,18;1,802;Ten;10;Five;5;0;0;0;0;0;0;4;0;0;4;1;6;0;2;0;0;0;0;0;4;0;0;8;0;0;0;0;0;0;0;0;0;0;0;0;0;0;0;29;4;20;0;0,1201;0,2463;0,576;0,0576;0;0;0;0;0;0;0,045135;14,64;13,67;13,67;0,499151314;0;1;1;0;1;0;0;1;1;0
TS96;48,2;48;940;10;0;No;1,18;1,01-1,5;0,33;0,25-0,5;0,096992562;2978;5;6;0,16;1,738;Ten;10;Four;4;0;1;0;0;0;2;3;0;0;0;0;3;0;0;0;0;0;0;0;2;0;0;2;0;0;0;0;0;0;0;0;0;0;0;0;0;0;0;13;5;11;0;0,0939;0,3921;0,3707;0,1434;0;0;0;0;0;0;0,044206;9,78;7,87;7,865;0,703499483;0;1;1;1;1;0;1;1;0;0
TS97;49,1;49;960;8;0;No;0,68;0,51-0,75;0,78;0,75-1,0;0,301999096;2979;5;7;0,18;1,408;Ten;10;Six;6;1;12;0;0;0;2;9;1;0;1;0;0;0;0;0;0;0;0;0;1;0;0;0;0;0;0;0;0;0;0;0;0;0;0;0;0;0;0;27;5;25;0;0,0274;0,1353;0,3623;0,3931;0,0818;0;0;0;0;0;0,048912;15,64;11,44;11,44;0,819326519;1;0;1;1;1;1;1;0;1;0
TS98;49,2;49;960;5;0;No;0,86;0,76-1,0;0,54;0,51-0,75;0,185913116;2980;5;4;0,11;1,277;Ten;10;Four;4;0;2;0;0;0;0;1;0;0;0;0;0;0;1;0;0;0;0;0;3;0;0;0;0;0;0;0;0;0;0;0;0;0;0;0;0;0;0;7;3;4;0;0,1853;0,3103;0,3091;0,1738;0;0;0;0;0;0,0216;0,042116;11,09;8,98;8,975;0,67244557;0;0;1;1;1;0;0;0;0;0
TS99;50,1;50;980;8;0;No;1,06;1,01-1,5;0,52;0,51-0,75;0,161256009;2981;4;9;0,24;1,923;Ten;10;Two;2;1;4;0;0;0;0;7;3;0;2;0;0;2;8;0;0;0;0;0;1;0;0;0;0;1;0;0;0;0;0;0;0;0;0;0;0;0;0;29;5;23;0;0,5101;0,156;0,1558;0,11;0;0;0;0;0;0,0681;0,034833;11,64;8,62;8,62;0,670020452;1;0;1;1;1;1;0;0;1;0
TS100;50,2;50;980;12;0;No;0,76;0,76-1,0;0,5;0,25-0,5;0,183117017;2982;5;5;0,13;1,505;Ten;10;Four;4;0;0;0;0;0;3;0;0;0;0;0;2;0;0;1;0;0;0;0;1;0;0;0;0;0;0;0;3;0;0;0;0;0;0;0;0;0;0;10;3;8;0;0,1316;0,3511;0,1772;0,3401;0;0;0;0;0;0;0,043857;10,15;7,96;7,9625;0,745911262;0;1;0;0;1;0;1;0;0;1
TS101;51,1;51;1000;13;0;No;0,7;0,51-0,75;0,75;0,51-0,75;0,286205345;2983;6;11;0,29;2,064;Eleven;11;Two;2;3;11;0;0;0;2;22;5;0;5;0;3;0;5;0;0;0;0;0;7;1;0;0;0;0;0;0;0;3;0;0;0;0;0;0;0;0;0;67;7;51;0;0,452;0,4342;0,0662;0;0;0;0;0,011;0;0,0365;0,034238;8,67;7,7;7,7;0,404062324;1;1;1;1;1;1;1;0;1;0
TS102;51,2;51;1000;15;0;No;0,54;0,51-0,75;0,67;0,51-0,75;0,291100813;2984;4;7;0,18;1,767;Eleven;11;Five;5;0;1;0;0;0;0;4;2;0;3;0;1;0;0;0;0;0;0;0;6;0;0;0;0;0;0;0;0;2;0;0;0;0;0;0;0;0;0;19;4;8;0;0,1062;0,2526;0,295;0,2363;0,1025;0;0,0074;0;0;0;0,046005;12,4;8,47;8,465;0,885844427;1;1;1;1;1;0;0;0;1;0
TS103;52,1;52;1020;6;0;No;0,72;0,51-0,75;0,6;0,51-0,75;0,22576182;2985;5;13;0,34;2,356;Eleven;11;Four;4;0;3;1;0;0;0;6;2;0;1;0;0;0;5;2;0;0;0;0;6;1;0;0;0;1;0;2;0;2;2;0;0;0;0;0;0;0;0;34;6;19;0;0,2595;0,5982;0,1422;0;0;0;0;0;0;0;0,038823;5,72;4,61;4,6125;0,619980465;1;0;1;1;1;0;0;0;1;1
TS104;52,2;52;1020;13;0;No;0,72;0,51-0,75;0,65;0,51-0,75;0,244575306;2986;2;7;0,18;1,593;Eleven;11;Seven;7;0;2;0;0;0;1;10;0;0;2;0;0;0;0;3;0;0;0;0;2;0;0;0;0;0;0;0;0;1;0;0;0;0;0;0;0;0;0;21;3;13;0;0,0872;0,175;0,1723;0,1538;0,4116;0;0;0;0;0;0,050617;16,07;11,97;11,9725;1,015281201;0;0;1;1;1;0;1;0;1;1
TS105;53,1;53;1040;15;0;No;0,34;0-0,5;0,55;0,51-0,75;0,301154063;2987;6;14;0,37;2,348;Eleven;11;Two;2;2;3;0;0;0;1;7;2;0;2;0;0;0;8;0;0;0;0;0;5;1;0;0;0;1;0;1;0;4;1;0;0;0;0;1;0;0;0;39;7;24;0;0,6047;0;0;0;0;0;0;0,3953;0;0;0,018141;0;0;0;0;1;0;1;1;1;1;1;0;1;0
TS106;53,2;53;1040;6;0;No;0,64;0,51-0,75;0,79;0,75-1,0;0,315284486;2988;6;8;0,21;1,675;Eleven;11;Two;2;0;0;0;0;0;1;11;4;0;0;0;2;0;0;2;0;0;0;0;1;0;0;0;0;0;1;0;0;0;0;0;2;0;0;0;0;0;0;24;4;18;0;0,4075;0,0864;0,1642;0,1482;0,1347;0;0;0;0;0,059;0,039383;15,13;10,85;10,845;0,878400775;1;1;1;0;1;0;1;0;0;1
TS107;54,1;54;1060;7;0;No;0,84;0,76-1,0;0,64;0,51-0,75;0,222949153;2989;3;8;0,21;1,921;Eleven;11;Two;2;0;1;0;0;0;3;5;0;0;0;0;0;0;2;0;0;0;0;0;2;0;0;1;0;1;0;0;0;0;0;0;0;0;0;0;0;0;2;17;6;14;0;0,3671;0,1605;0,0913;0,2486;0,1129;0;0;0,0197;0;0;0,041202;12,69;8,32;8,315;0,880648051;0;0;1;1;1;0;1;1;0;0
TS108;54,2;54;1060;13;0;No;1;0,76-1,0;0,48;0,25-0,5;0,153252206;2990;2;10;0,26;2,205;Eleven;11;Two;2;0;0;0;0;0;0;6;0;0;0;0;2;0;0;2;0;0;0;0;2;0;3;4;0;0;0;0;0;4;0;0;1;0;0;3;0;0;3;30;5;18;0;0,9871;0,0026;0;0;0;0;0;0,0103;0;0;0,029717;11,83;11,83;11,83;0;0;1;1;0;1;0;0;1;0;1
TS109;55,1;55;1080;3;0;No;1,22;1,01-1,5;0,21;0-0,25;0,060702262;2991;3;9;0,24;2,137;Eleven;11;Two;2;3;0;0;0;0;2;4;3;0;0;0;0;0;0;2;0;0;0;0;1;0;0;2;0;0;0;0;2;0;2;0;0;0;0;0;0;0;0;21;6;16;0;0,9869;0,0131;0;0;0;0;0;0;0;0;0,030131;10,56;10,38;10,38;0,082190633;1;0;1;0;1;1;1;1;0;1
TS110;55,2;55;1080;5;0;No;1,46;1,01-1,5;0,36;0,25-0,5;0,095124321;2992;4;5;0,13;1,367;Eleven;11;Two;2;0;0;0;0;0;1;5;0;0;0;0;0;0;3;0;0;0;0;0;0;0;0;1;0;0;0;0;0;0;1;0;0;0;0;0;0;0;0;11;4;10;0;0,8794;0,0781;0,0425;0;0;0;0;0;0;0;0,031631;10,78;9,55;9,545;0,460190267;0;0;1;0;0;0;1;1;0;0
TS111;56,1;56;1100;12;0;No;0,92;0,76-1,0;0,53;0,51-0,75;0,176419852;2993;4;6;0,16;1,679;Twelve;12;Five;5;0;0;0;0;0;1;3;4;0;1;0;0;0;3;0;0;0;0;0;0;0;0;3;0;0;0;0;0;0;0;0;0;0;0;0;0;0;0;15;5;14;0;0,1801;0,201;0,4128;0,2061;0;0;0;0;0;0;0,044388;14,55;11,69;11,685;0,601324112;1;0;1;0;0;0;1;1;1;0
TS112;56,2;56;1100;11;0;No;0,92;0,76-1,0;0,69;0,51-0,75;0,229678675;2994;5;12;0,32;2,098;Twelve;12;Five;5;1;5;0;0;0;0;5;3;0;1;0;0;1;13;0;0;0;0;0;1;0;0;2;0;2;1;0;6;0;0;0;0;0;0;0;0;0;0;41;7;35;0;0,1511;0,2328;0,3366;0,2795;0;0;0;0;0;0;0,04465;13,19;10,01;10,005;0,697684742;1;0;1;1;1;1;0;1;1;0
TS113;57,1;57;1120;14;0;No;0,62;0,51-0,75;0,82;0,75-1,0;0,332493764;2995;6;10;0,26;1,805;Twelve;12;Six;6;1;0;1;0;0;0;3;5;0;2;0;1;0;0;0;0;0;0;0;16;0;0;4;0;0;0;0;0;1;2;0;0;0;0;0;0;0;0;36;6;15;0;0,1626;0,1365;0,1221;0,3234;0,2555;0;0;0;0;0;0,047943;14,35;8,85;8,85;0,995337008;1;1;1;0;1;1;0;1;1;0
TS114;57,2;57;1120;8;0;No;0,62;0,51-0,75;0,86;0,75-1,0;0,348712972;2996;4;13;0,34;2,276;Twelve;12;Six;6;1;5;10;0;0;9;18;7;0;3;0;1;0;7;3;0;0;0;0;13;0;0;0;0;0;0;3;0;2;0;0;0;0;0;0;0;0;0;82;9;61;0;0,097;0,1685;0,2328;0,3018;0,1799;0;0;0,02;0;0;0,047174;16,12;13,04;13,0425;0,780872066;1;1;1;1;1;1;1;0;1;1
TS115;58,1;58;1140;8;0;No;1,16;1,01-1,5;0,58;0,51-0,75;0,17193508;2997;6;15;0,39;2,328;Twelve;12;Two;2;1;0;9;0;0;6;17;6;0;3;0;2;0;10;1;0;0;0;0;3;0;0;4;0;1;0;0;0;4;0;1;1;0;0;0;0;0;0;69;9;56;0;0,6248;0,2105;0,1323;0;0;0;0;0,0325;0;0;0,033779;11,3;10,03;10,0275;0,424099184;1;1;1;0;1;1;1;1;1;1
TS116;58,2;58;1140;14;0;No;1,14;1,01-1,5;0;0-0,25;0;2998;5;5;0,13;1,386;Twelve;12;Six;6;1;0;0;0;0;0;4;1;0;0;0;0;0;0;1;0;0;0;0;0;0;0;0;0;0;0;0;0;0;0;1;0;0;0;0;0;0;0;8;4;7;0;0,1599;0,235;0,1874;0,2428;0,1711;0;0;0;0;0,0039;0,045973;14,45;11,02;11,02;0,822596403;1;0;1;0;0;1;0;0;0;1
TS117;59,1;59;1160;10;0;No;1,1;1,01-1,5;0,61;0,51-0,75;0,185694478;2999;5;8;0,21;1,907;Twelve;12;Six;6;0;0;0;0;0;1;4;0;0;1;0;1;0;1;1;0;0;0;0;1;0;0;0;0;0;0;0;0;2;0;0;0;0;0;0;0;0;0;12;4;7;0;0,04;0,1412;0,3321;0,362;0,1248;0;0;0;0;0;0,049041;17,61;14,26;14,26;0,723332126;0;1;1;0;1;0;1;0;1;1
TS118;59,2;59;1160;13;0;No;1,02;1,01-1,5;0,53;0,51-0,75;0,167548784;3000;5;10;0,26;2,126;Twelve;12;Two;2;4;6;1;0;0;0;2;0;0;0;0;0;0;2;1;0;0;0;0;2;0;0;0;0;1;0;0;0;2;2;0;0;0;0;0;0;0;0;23;5;15;0;0,4112;0,1138;0,1271;0,2269;0,121;0;0;0;0;0;0,041848;13,51;8,66;8,66;0,936407607;0;0;1;1;1;1;0;0;0;1
TS119;60,1;60;1180;14;0;No;1;0,76-1,0;0,6;0,51-0,75;0,191565257;3001;6;12;0,32;2,295;Twelve;12;Five;5;0;0;0;0;0;1;5;1;0;2;0;0;0;3;0;0;0;0;0;3;0;0;0;0;1;0;0;0;1;0;1;1;0;0;0;1;0;3;23;6;14;0;0,1697;0,2693;0,3899;0,1206;0;0;0;0;0;0,0505;0,041388;12,13;9,96;9,955;0,648889328;1;0;1;0;1;0;1;0;1;0
TS120;60,2;60;1180;18;0;No;0,7;0,51-0,75;0,84;0,75-1,0;0,320549986;3002;5;12;0,32;2,081;Twelve;12;Two;2;1;7;0;0;0;1;12;1;0;3;0;1;0;5;0;0;0;0;0;6;0;0;0;0;0;0;0;1;2;1;0;0;0;0;0;0;0;0;41;8;29;0;0,292;0,159;0,185;0,2742;0;0;0;0,0628;0;0,0271;0,03808;10,39;6,57;6,57;0,903894399;1;1;1;1;1;1;1;0;1;0
TS121;61,1;61;1200;12;0;No;0,66;0,51-0,75;0,48;0,25-0,5;0,188640425;3003;6;5;0,13;1,419;Thirteen;13;Two;2;4;8;0;0;0;0;15;0;0;0;0;0;0;0;0;0;0;0;0;4;0;0;0;0;0;0;0;0;0;3;0;0;0;0;0;0;0;0;34;3;27;0;0,3186;0,1876;0,1715;0,2622;0;0;0;0;0;0,06;0,038747;11,37;8,09;8,085;0,747227592;0;0;1;1;1;1;0;0;0;0
TS122;61,2;61;1200;13;0;No;0,7;0,51-0,75;0,53;0,51-0,75;0,202251777;3004;5;9;0,24;2,133;Thirteen;13;Two;2;0;2;0;0;0;2;2;0;0;1;0;2;0;3;0;0;0;0;0;1;0;0;2;0;0;0;0;0;1;0;0;0;0;0;0;0;0;0;16;6;13;0;0,2928;0,2491;0,1382;0,1843;0,1288;0;0;0,0069;0;0;0,042601;12,19;9,2;9,195;0,805541026;0;1;1;1;1;0;1;1;1;0
TS123;62,1;62;1220;8;0;No;1,16;1,01-1,5;0,39;0,25-0,5;0,115611519;3005;4;10;0,26;2,148;Thirteen;13;Two;2;0;3;0;0;0;3;3;0;0;2;0;3;0;0;0;0;0;0;1;0;0;0;2;0;2;0;0;0;8;0;0;0;0;0;2;0;0;0;29;5;14;0;0,6134;0,0381;0,1429;0,0313;0;0;0;0,1743;0;0;0,028636;12,99;9,55;9,545;0,692017032;0;1;1;1;0;0;1;1;1;0
TS124;62,2;62;1220;6;0;No;1,2;1,01-1,5;0,21;0-0,25;0,061206024;3006;4;4;0,11;1,242;Thirteen;13;Six;6;0;0;0;0;0;0;1;0;0;1;0;0;0;0;3;0;0;0;0;1;0;0;0;0;0;0;0;0;0;0;0;0;0;0;0;0;0;0;6;1;1;0;0,1235;0,2417;0,221;0,4138;0;0;0;0;0;0;0,045113;13,19;9,95;9,9475;0,779639305;0;0;1;0;1;0;0;0;1;1
TS125;63,1;63;1240;10;0;No;0,96;0,76-1,0;0,77;0,75-1,0;0,250911522;3007;6;17;0,45;2,518;Thirteen;13;Six;6;3;2;1;0;0;4;8;6;0;4;0;0;0;6;1;0;0;0;0;16;0;0;5;0;0;0;3;0;3;2;0;0;0;1;2;0;0;1;68;11;40;0;0,1624;0,1893;0,2679;0,3803;0;0;0;0;0;0;0,044854;14,76;10,79;10,79;0,695851019;1;0;1;1;1;1;1;1;1;1
TS126;63,2;63;1240;8;0;No;0,86;0,76-1,0;0,61;0,51-0,75;0,210012965;3008;2;13;0,34;2,365;Thirteen;13;Six;6;0;2;1;0;0;1;4;1;0;3;0;0;0;2;0;0;0;0;0;1;0;0;1;0;0;0;1;0;6;0;0;2;0;0;0;0;2;0;27;8;13;0;0,1685;0,0874;0,2259;0,3549;0,1426;0;0;0,0208;0;0;0,046147;21,62;17,24;17,2375;0,657937147;1;0;1;1;1;0;1;1;1;0
TS127;64,1;64;1260;7;0;No;1,18;1,01-1,5;0,22;0-0,25;0,064661708;3009;5;6;0,16;1,673;Thirteen;13;Two;2;0;3;0;0;0;1;1;0;0;3;0;0;0;1;0;0;0;0;0;2;0;0;0;0;0;0;0;0;0;0;0;0;0;0;0;0;0;0;11;4;6;0;0,9976;0,0024;0;0;0;0;0;0;0;0;0,030024;5,09;5,07;5,07;0,090006763;0;0;1;1;1;0;1;0;1;0
TS128;64,2;64;1260;5;0;No;1,24;1,01-1,5;0,15;0-0,25;0,04300767;3011;4;5;0,13;1,419;Thirteen;13;Seven;7;4;8;0;0;0;0;15;0;0;0;0;0;0;0;0;0;0;0;0;4;0;0;0;0;0;0;0;0;0;3;0;0;0;0;0;0;0;0;34;3;27;0;0,2617;0,1656;0,099;0,1079;0,3658;0;0;0;0;0;0,046768;12,54;8,64;8,6375;1,039879523;0;0;1;1;1;1;0;0;0;0
TS129;65,1;65;1280;10;0;No;1,36;1,01-1,5;0,52;0,51-0,75;0,142363739;3012;4;11;0,29;2,167;Thirteen;13;Five;5;2;6;0;3;0;0;2;3;0;3;0;1;0;0;0;0;0;0;0;1;0;0;1;0;0;0;0;7;0;0;0;0;1;0;0;0;0;0;30;9;26;0;0,2549;0,0914;0,4376;0,2162;0;0;0;0;0;0;0,043993;20,58;19,07;19,07;0,414553977;1;1;1;1;1;1;0;1;1;0
TS130;65,2;65;1280;5;0;No;1,38;1,01-1,5;0,38;0,25-0,5;0,103278412;3013;6;8;0,21;1,97;Thirteen;13;Two;2;0;1;0;0;0;0;0;2;0;0;0;0;0;1;0;0;0;0;0;3;0;0;3;0;0;0;0;2;1;0;0;0;0;0;0;0;0;1;14;6;10;0;0,4705;0,2571;0,234;0,0385;0;0;0;0;0;0;0,038024;10,38;9,04;9,035;0,55488152;1;0;0;1;1;0;0;1;0;0
TS131;66,1;66;1300;14;0;No;0,66;0,51-0,75;0,51;0,51-0,75;0,200430451;3014;2;12;0,32;2,297;Fourteen;14;Two;2;0;0;0;0;0;3;4;1;0;3;0;6;0;0;0;1;0;0;0;0;0;0;0;0;0;0;1;4;3;1;0;0;0;0;1;0;2;0;30;7;20;0;0,3368;0,2275;0,2088;0,2206;0;0;0;0;0;0,0063;0,040674;5,53;3,6;3,6;1,114596718;1;1;1;0;0;0;1;0;1;0
TS132;66,2;66;1300;10;0;No;1,1;1,01-1,5;0,59;0,51-0,75;0,179606134;3015;5;10;0,26;2,051;Fourteen;14;Two;2;0;4;0;0;0;0;6;0;0;0;0;1;0;6;0;0;0;0;0;4;0;0;3;0;1;0;1;1;1;0;0;0;0;0;0;0;0;0;28;7;22;0;0,9928;0,0072;0;0;0;0;0;0;0;0;0,030072;6,52;6,64;6,635;0,165958376;0;1;1;1;1;0;0;1;0;0
TS133;67,1;67;1320;15;0;No;0,68;0,51-0,75;0,41;0,25-0,5;0,158743114;3016;4;7;0,18;1,802;Fourteen;14;Two;2;2;2;0;0;0;3;0;0;0;0;0;6;0;1;0;0;0;0;0;0;2;0;0;0;0;0;0;0;0;0;0;0;0;0;2;0;0;0;18;5;14;0;0,4449;0,1129;0,3226;0,1114;0;0;0;0;0;0,0083;0,039563;17,16;14,64;14,635;0,51451396;0;1;0;1;0;1;1;0;0;0
TS134;67,2;67;1320;8;0;No;1,36;1,01-1,5;0,22;0-0,25;0,060230813;3017;6;8;0,21;1,773;Fourteen;14;Five;5;0;2;0;0;0;0;2;1;0;2;0;0;0;2;0;0;0;0;0;9;0;0;0;0;0;0;1;0;2;0;0;0;0;0;0;0;0;0;21;5;8;0;0,3105;0,1425;0,3772;0,1698;0;0;0;0;0;0;0,042365;16,04;14,13;14,13;0,594543183;1;0;1;1;1;0;0;0;1;0
TS135;68,1;68;1340;14;0;No;1,02;1,01-1,5;0,39;0,25-0,5;0,123290615;3019;3;10;0,26;2,069;Fourteen;14;Two;2;1;2;0;0;0;0;3;0;0;1;0;7;0;0;1;0;0;0;0;0;0;0;4;0;2;0;0;0;0;1;0;0;0;0;0;0;0;2;24;6;19;0;0,3367;0,0405;0,0868;0,1779;0,2817;0;0;0;0;0,0765;0,041858;20,27;13,58;13,575;0,986320214;0;1;1;1;0;1;0;1;1;1
TS136;68,2;68;1340;10;0;No;1,08;1,01-1,5;0,75;0,51-0,75;0,230417193;3021;5;11;0,29;1,95;Fourteen;14;Two;2;0;5;0;0;0;0;3;1;0;0;0;7;0;13;1;0;0;0;0;8;0;0;0;0;0;0;0;16;0;1;0;1;0;0;1;0;0;0;57;6;45;0;0,6759;0,1972;0,127;0;0;0;0;0;0;0;0,034515;11,21;9,78;9,78;0,416673608;1;1;1;1;1;0;0;0;0;1
TS137;69,1;69;1360;9;0;No;1,14;1,01-1,5;0,45;0,25-0,5;0,134562976;3022;4;6;0,16;1,474;Fourteen;14;Two;2;0;1;0;0;0;0;1;0;0;1;0;0;0;0;0;0;0;0;0;2;0;0;6;0;0;0;0;0;0;1;0;0;0;0;0;0;0;0;12;3;8;0;0,6946;0,103;0,0739;0,1179;0;0;0;0;0;0,0106;0,034548;14,73;11,68;11,675;0,58813669;0;0;1;1;1;0;0;1;1;0
TS138;69,2;69;1360;15;0;No;1,16;1,01-1,5;0,53;0,51-0,75;0,15711309;3023;3;7;0,18;1,712;Fourteen;14;Two;2;0;1;0;0;0;0;0;0;0;0;0;1;0;4;0;6;0;0;0;0;0;0;2;0;0;0;0;1;0;0;0;0;0;0;2;0;0;0;17;6;15;0;0,9055;0,0224;0,0329;0;0;0;0;0;0;0,0392;0,029706;13,08;9,4;9,4;0,566497985;0;1;0;1;0;0;0;1;0;0
TS139;70,1;70;1380;15;0;No;0,84;0,76-1,0;0,43;0,25-0,5;0,149793962;3024;2;4;0,08;0,974;Fourteen;14;Two;2;0;0;0;0;0;0;3;0;0;0;0;2;0;1;0;0;0;0;0;0;0;0;0;0;0;0;0;0;0;0;0;0;0;0;0;0;0;2;8;4;8;0;0,8953;0,04;0;0;0;0;0;0;0;0,0647;0,028459;9,1;8,83;8,83;0,260352074;0;1;1;0;0;0;0;0;0;0
TS140;70,2;70;1380;12;0;No;0,74;0,51-0,75;0,15;0-0,25;0,055672522;3025;6;6;0,16;1,631;Fourteen;14;Two;2;0;0;0;0;0;0;1;0;0;0;0;1;0;3;1;0;0;0;0;0;0;0;3;0;0;0;0;0;0;0;0;0;0;0;0;0;0;4;13;5;12;0;0,9949;0;0;0;0;0;0;0;0;0,0051;0,029847;0;0;0;0;0;1;1;0;0;0;0;1;0;1
TS141;71,1;71;1400;8;0;No;1,06;1,01-1,5;0,5;0,25-0,5;0,155053855;3026;4;6;0,16;1,593;Fifteen;15;Four;4;0;1;0;0;0;0;5;0;0;0;0;3;0;0;1;0;0;0;0;0;1;0;0;0;0;0;0;0;3;0;0;0;0;0;0;0;0;0;14;3;9;0;0,2683;0,3018;0,1829;0,1578;0,0892;0;0;0;0;0;0,042508;9,34;7,18;7,175;0,809217143;0;1;1;1;0;0;0;0;0;1
TS142;71,2;71;1400;16;0;No;1,14;1,01-1,5;0,41;0,25-0,5;0,122601823;3027;4;10;0,26;2,112;Fifteen;15;Two;2;0;6;0;0;0;0;2;0;0;1;0;1;0;0;0;0;0;0;1;3;0;0;2;0;1;0;0;2;2;0;0;0;0;0;0;0;0;0;21;5;13;0;0,8346;0,0895;0,0666;0;0;0;0;0;0;0,0092;0,031948;10,77;10,09;10,085;0,451396273;0;1;1;1;1;0;0;1;1;0
TS143;72,1;72;1420;7;0;No;1,2;1,01-1,5;0,42;0,25-0,5;0,122412048;3028;3;10;0,26;2,005;Fifteen;15;Two;2;0;0;0;0;0;1;1;0;0;1;0;8;0;0;0;2;0;0;0;3;0;0;2;0;0;0;1;1;3;0;0;0;0;0;0;0;0;0;23;7;16;0;0,9264;0,0115;0;0;0;0;0;0,027;0;0,0351;0,028252;9,92;10,97;10,97;0,231150315;0;1;1;0;1;0;1;1;1;0
TS144;72,2;72;1420;5;0;No;0,96;0,76-1,0;0,33;0,25-0,5;0,107533509;3029;4;9;0,24;1,999;Fifteen;15;Two;2;0;1;0;0;0;0;1;0;0;0;0;3;0;1;0;0;0;0;0;4;0;0;4;0;0;0;0;1;4;0;1;0;0;0;0;0;0;0;20;7;12;0;0,5233;0,0119;0;0;0;0;0;0,4647;0;0;0,016175;12,3;12,01;12,01;0,192388144;0;1;1;1;1;0;0;1;0;0
TS145;73,1;73;1440;6;0;No;0,94;0,76-1,0;0,38;0,25-0,5;0,125136835;3030;5;7;0,18;1,807;Fifteen;15;Two;2;0;2;0;0;0;0;1;1;0;4;0;3;0;0;0;0;0;0;0;3;0;0;0;0;0;0;1;0;0;0;0;0;0;0;0;0;0;0;15;5;8;0;0,5496;0,167;0,2136;0,0697;0;0;0;0;0;0;0,037333;15,49;13,81;13,8075;0,445326426;1;1;1;1;1;0;0;0;1;0
TS146;73,2;73;1440;9;0;No;1,32;1,01-1,5;0,5;0,25-0,5;0,138946795;3031;1;4;0,11;1,237;Fifteen;15;Four;4;0;4;1;0;0;0;0;0;0;0;0;0;0;5;0;0;0;0;0;2;0;0;0;0;0;0;0;0;0;0;0;0;0;0;0;0;0;0;12;3;10;0;0,2159;0,5042;0,2175;0,0624;0;0;0;0;0;0;0,04064;7,12;5,45;5,45;0,712516559;0;0;0;1;1;0;0;0;0;0
TS147;74,1;74;1460;15;0;No;1,14;1,01-1,5;0,59;0,51-0,75;0,176427013;3032;4;11;0,29;2,122;Fifteen;15;Two;2;0;1;0;0;0;2;1;1;0;1;0;1;0;5;1;0;0;0;0;0;0;0;0;0;0;0;1;0;1;0;0;0;0;0;0;5;0;0;20;7;12;0;1;0;0;0;0;0;0;0;0;0;0,03;0;0;0;0;1;1;1;1;0;0;1;0;1;1
TS148;74,2;74;1460;5;0;No;0,38;0-0,5;0,15;0-0,25;0,077689971;3036;2;8;0,21;1,923;Fifteen;15;Two;2;1;1;0;0;0;0;2;0;0;2;0;0;0;1;5;3;0;0;0;0;0;0;3;0;0;0;0;0;0;0;0;0;0;0;0;0;0;0;18;6;11;0;0,9554;0,0004;0;0;0;0;0;0,0366;0;0,0075;0,028678;3,11;3,11;3,11;0;0;0;1;1;0;1;0;1;1;1
TS149;75,1;75;1480;9;0;No;0,9;0,76-1,0;0,21;0-0,25;0,070674629;3037;2;1;0,03;0;Fifteen;15;Two;2;0;0;0;0;0;0;1;0;0;0;0;0;0;0;0;0;0;0;0;0;0;0;0;0;0;0;0;0;0;0;0;0;0;0;0;0;0;0;1;1;1;0;0,9814;0;0;0;0;0;0;0;0;0,0186;0,029442;0;0;0;0;0;0;1;0;0;0;0;0;0;0
TS150;75,2;75;1480;6;0;No;0,48;0-0,5;0,22;0-0,25;0,101383565;3039;2;7;0,18;1,906;Fifteen;15;Twelve;12;0;0;0;0;0;0;0;0;0;2;0;0;0;0;1;1;1;0;0;0;0;0;0;0;0;0;0;1;1;0;0;0;0;0;1;0;0;0;8;2;2;0;0,3514;0;0;0;0;0;0;0,6486;0;0;0,010542;0;0;0;0;0;0;0;0;0;0;0;0;1;1
TS151;76,1;76;1500;6;1;Yes;0,68;0,51-0,75;0,36;0,25-0,5;0,139384198;3040;4;4;0,11;1,242;Sixteen;16;Two;2;0;0;0;0;0;1;0;0;0;0;0;3;0;0;0;1;0;0;0;0;0;0;0;0;0;0;0;1;0;0;0;0;0;0;0;0;0;0;6;4;6;0;0,7558;0,043;0,0363;0;0;0;0;0,1648;0;0;0,026209;8,14;6,66;6,655;0,717117943;0;1;0;0;0;0;1;0;0;0
TS152;76,2;76;1500;13;0;No;1,1;1,01-1,5;0,43;0,25-0,5;0,130899386;3041;4;2;0,05;0,693;Sixteen;16;Two;2;0;0;0;0;0;0;1;0;0;0;0;1;0;0;0;0;0;0;0;0;0;0;0;0;0;0;0;0;0;0;0;0;0;0;0;0;0;0;2;2;2;0;0,8291;0,0272;0,0622;0,0814;0;0;0;0;0;0;0,033141;11,87;6,31;6,305;1,088327238;0;1;1;0;0;0;0;0;0;0
TS153;77,1;77;1520;11;0;No;0,92;0,76-1,0;0,43;0,25-0,5;0,143133087;3042;5;2;0,05;0,562;Sixteen;16;Two;2;0;0;0;0;0;0;0;0;0;0;0;1;0;0;0;0;0;0;0;0;0;0;0;0;0;0;0;0;0;0;0;0;0;0;0;0;0;3;4;2;4;0;0,2782;0,2618;0,2101;0,2499;0;0;0;0;0;0;0,041818;6,8;4,37;4,365;1,033155515;0;1;0;0;0;0;0;0;0;0
TS154;77,2;77;1520;8;0;No;1,04;1,01-1,5;0,68;0,51-0,75;0,212891214;3043;5;3;0,08;0,95;Sixteen;16;Two;2;0;1;0;0;0;0;0;0;0;0;0;0;0;0;0;0;0;0;0;1;0;0;0;0;0;0;0;0;0;0;0;0;0;0;0;0;0;3;5;2;4;0;0,8652;0,0336;0,0382;0;0;0;0;0,026;0;0,0369;0,02921;10,11;8,45;8,45;0,601935895;0;0;0;1;1;0;0;0;0;0
TS155;78,1;78;1540;17;0;No;0,9;0,76-1,0;0,38;0,25-0,5;0,127887424;3044;5;9;0,24;1,796;Sixteen;16;Two;2;0;1;0;0;0;5;3;0;0;2;0;1;0;11;0;0;0;0;0;1;0;0;0;0;0;0;0;1;0;0;0;2;0;0;0;0;0;0;27;6;22;0;0,8194;0,0304;0,0256;0;0;0;0;0,0979;0;0,0267;0,027078;8,76;6,86;6,86;0,557451525;0;1;1;1;1;0;1;0;1;0
TS156;78,2;78;1540;16;0;No;0,98;0,76-1,0;0,4;0,25-0,5;0,129006755;3045;3;7;0,18;1,699;Sixteen;16;Eleven;11;1;0;0;0;0;0;2;1;0;0;0;1;0;5;0;1;0;0;0;0;0;1;0;0;0;0;0;0;0;0;0;0;0;0;0;0;0;0;12;7;12;0;0,4514;0;0;0;0;0;0,5204;0,0281;0;0;0,013542;0;0;0;0;1;1;1;0;0;1;0;0;0;0
TS157;79,1;79;1560;20;0;No;0,72;0,51-0,75;0,41;0,25-0,5;0,154270577;3046;3;6;0,16;1,582;Sixteen;16;Twelve;12;0;0;0;0;0;0;0;1;0;0;1;5;0;0;4;0;0;0;0;3;0;0;0;0;0;0;0;1;0;0;0;0;0;0;0;0;0;0;15;3;7;0;0,1983;0,0017;0;0;0;0;0;0,8;0;0;0,006017;8,31;8,31;3,11;0;1;1;0;0;1;0;0;0;0;1
TS158;79,2;79;1560;19;0;No;0,9;0,76-1,0;0,41;0,25-0,5;0,137983799;3047;2;2;0,05;0,637;Sixteen;16;Two;2;0;0;0;0;0;0;0;0;0;2;0;1;0;0;0;0;0;0;0;0;0;0;0;0;0;0;0;0;0;0;0;0;0;0;0;0;0;0;3;1;1;0;0,558;0;0;0;0;0;0;0,442;0;0;0,01674;0;0;0;0;0;1;0;0;0;0;0;0;1;0
TS159;80,1;80;1580;19;0;No;0,98;0,76-1,0;0,23;0-0,25;0,074178884;3048;2;4;0,11;1,386;Sixteen;16;Twelve;12;0;1;0;0;0;0;0;0;0;0;0;2;0;0;2;1;0;0;0;0;0;0;0;0;0;0;0;0;0;0;0;0;0;0;0;0;0;0;6;3;4;0;0,282;0;0;0;0;0;0;0,718;0;0;0,00846;0;0;0;0;0;1;0;1;0;0;0;0;0;1
TS160;80,2;80;1580;20;0;No;0,66;0,51-0,75;0,28;0,25-0,5;0,110040248;3049;3;5;0,13;1,523;Sixteen;16;One;1;0;0;0;0;0;0;0;0;0;1;0;2;0;0;0;2;0;0;0;3;0;0;1;0;0;0;0;0;0;0;0;0;0;0;0;0;0;0;9;3;5;0,6963;0,3006;0,0031;0;0;0;0;0;0;0;0;0,009142;7,12;7;6,9975;0,161060154;0;1;0;0;1;0;0;1;1;0
TS161;81,1;81;1600;13;0;No;1,02;1,01-1,5;0,59;0,51-0,75;0,186516571;3050;1;6;0,16;1,581;Seventeen;17;Two;2;0;1;0;0;0;0;0;4;0;0;0;0;0;1;0;0;0;0;0;1;0;0;0;0;0;0;0;0;0;1;0;0;0;0;0;0;0;1;9;4;7;0;1;0;0;0;0;0;0;0;0;0;0,03;0;0;0;0;1;0;0;1;1;0;0;0;0;0
TS162;81,2;81;1600;17;0;No;0,8;0,76-1,0;0,34;0,25-0,5;0,121366665;3051;6;2;0,05;0,683;Seventeen;17;Two;2;1;0;0;0;0;0;0;0;0;0;0;0;0;0;0;0;0;0;0;1;0;0;0;0;0;0;0;0;0;0;0;0;0;0;0;0;0;0;2;1;1;0,032;0,6191;0,1025;0,1198;0;0;0;0;0,108;0;0,0186;0,028663;8,91;7,12;7,115;0,662122641;0;0;0;0;1;1;0;0;0;0
TS163;83,1;82;1620;16;0;No;0,86;0,76-1,0;0,47;0,25-0,5;0,161813268;3052;5;14;0,16;1,792;Seventeen;17;Two;2;2;1;1;0;0;0;5;2;0;0;0;2;0;1;2;0;0;0;0;4;0;0;5;0;0;0;0;1;1;1;0;0;0;0;0;0;0;2;30;10;22;0;0,3038;0,1532;0,2224;0,2329;0;0;0;0,0877;0;0;0,038007;12,97;9,64;9,64;0,761366222;1;1;1;1;1;1;0;1;0;1
TS164;83,2;82;1620;6;0;No;0,76;0,76-1,0;0,44;0,25-0,5;0,161142975;3053;5;8;0,18;1,792;Seventeen;17;Two;2;0;0;0;0;0;0;6;1;0;2;0;1;0;4;0;0;0;0;0;0;0;0;0;0;0;0;0;0;1;0;0;3;0;0;0;0;0;1;19;5;13;0;0,4881;0,0016;0,0068;0;0;0;0,0327;0,4707;0;0;0,015047;8,47;5,59;5,59;0,811435759;1;1;1;0;0;0;0;0;1;0
TS165;84,1;83;1640;20;0;No;0,96;0,76-1,0;0,25;0-0,25;0,08146478;3054;2;1;0,03;0;Seventeen;17;Eleven;11;1;0;0;0;0;0;0;0;0;0;0;0;0;0;0;0;0;0;0;0;0;0;0;0;0;0;0;0;0;0;0;0;0;0;0;0;0;0;1;1;1;0;0,4514;0;0;0;0;0;0,5486;0;0;0;0,013542;0;0;0;0;0;0;0;0;0;1;0;0;0;0
TS166;84,2;83;1640;5;0;No;1,02;1,01-1,5;0,13;0-0,25;0,041096872;3055;5;3;0,08;1,04;Seventeen;17;Four;4;0;0;0;0;0;0;0;0;0;0;0;2;0;0;0;0;0;0;0;0;0;0;0;0;0;0;0;1;1;0;0;0;0;0;0;0;0;0;4;2;3;0;0,344;0,3653;0,1554;0,0927;0;0;0;0,0426;0;0;0,037337;10,85;9,36;9,3575;0;0;1;0;0;0;0;0;0;0;0
TS167;85,1;84;1660;1;0;No;0,4;0-0,5;0,29;0,25-0,5;0,146397445;3056;7;6;0,16;1,696;Seventeen;17;Five;5;0;2;0;0;0;1;2;1;0;3;0;1;0;0;0;0;0;0;0;0;0;0;0;0;0;0;0;0;0;0;0;0;0;0;0;0;0;0;10;5;7;0;0,131;0,5008;0,2069;0,114;0;0;0;0,0157;0;0,0315;0,040007;7,31;5,98;5,98;0,735115866;1;1;1;1;0;0;1;0;1;0
TS168;85,2;84;1660;4;0;No;0,56;0,51-0,75;0,41;0,25-0,5;0,174926392;3057;6;7;0,18;1,77;Seventeen;17;Two;2;1;8;0;0;0;2;6;0;0;2;0;0;0;4;0;0;0;0;0;5;0;0;0;0;0;0;0;0;0;0;0;0;0;0;0;0;0;0;28;5;21;0;0,333;0,1671;0,2586;0,1922;0;0;0;0,0316;0;0,0176;0,039214;14,26;11,83;11,83;0,628506646;0;0;1;1;1;1;1;0;1;0
TS169;86,1;85;1680;6;0;No;1,12;1,01-1,5;0,63;0,51-0,75;0,190062761;3058;3;8;0,21;1,923;Seventeen;17;Two;2;0;2;1;0;0;0;2;0;0;5;0;0;0;0;0;1;0;0;0;0;0;0;0;0;1;0;0;0;3;0;0;0;0;0;0;0;0;3;18;5;9;0;0,6954;0,1549;0,1496;0;0;0;0;0;0;0;0,034538;10,98;10,14;10,14;0,485998328;0;0;1;1;0;0;0;0;1;0
TS170;86,2;85;1680;5;0;No;0,92;0,76-1,0;0,57;0,51-0,75;0,189734557;3059;3;6;0,16;1,594;Seventeen;17;Two;2;0;0;0;0;0;0;1;0;0;0;0;0;0;1;3;0;0;0;0;0;0;0;0;0;0;0;0;0;0;0;0;0;0;0;1;1;0;4;11;3;6;0;0,9435;0,0455;0,011;0;0;0;0;0;0;0;0,030675;6,05;5,14;5,135;0,550672652;0;0;1;0;0;0;0;0;0;1
TS171;87,1;86;1700;3;0;No;0,76;0,76-1,0;0,46;0,25-0,5;0,168467655;3060;5;6;0,16;1,748;Eighteen;18;Two;2;0;0;0;0;0;0;0;0;0;1;0;2;0;0;0;0;0;0;0;1;0;0;0;0;1;0;0;0;1;0;0;0;0;0;0;0;0;1;7;2;3;0;0,7473;0,1283;0,0916;0,0312;0;0;0;0;0;0,0016;0,033691;10,4;8,64;8,635;0,59140422;0;1;0;0;1;0;0;0;1;0
TS172;87,2;86;1700;4;0;No;0,9;0,76-1,0;0,3;0,25-0,5;0,100963755;3061;5;8;0,21;1,979;Eighteen;18;Six;6;0;0;1;0;0;0;1;0;0;1;0;2;0;1;0;0;0;0;0;3;0;0;0;0;0;0;0;0;0;0;0;0;0;0;2;0;0;1;12;5;6;0;0,1523;0,1455;0,2681;0,3628;0;0;0;0;0;0,0713;0,041934;17,44;12,75;12,75;0,720340499;0;1;1;0;1;0;0;0;1;0
TS173;88,1;87;1720;11;0;No;1,14;1,01-1,5;0,52;0,51-0,75;0,155494995;3062;5;9;0,24;1,992;Eighteen;18;Seven;7;1;6;0;0;0;4;4;1;0;0;0;0;0;0;0;0;0;0;0;4;1;0;1;0;0;0;0;0;3;0;0;0;0;0;0;0;0;0;25;6;17;0;0,2148;0,2076;0,1416;0,1973;0,2387;0;0;0;0;0;0,046015;12,7;8,72;8,715;0,924497599;1;0;1;1;1;1;1;1;0;0
TS174;88,2;87;1720;15;0;No;1,06;1,01-1,5;0,31;0,25-0,5;0,09613339;3063;5;7;0,18;1,654;Eighteen;18;Four;4;1;0;0;0;0;0;2;1;0;4;0;0;0;0;0;0;0;0;0;5;0;0;0;0;0;0;1;0;8;0;0;0;0;0;0;0;0;0;22;4;5;0;0,3119;0,3662;0,1103;0;0;0;0;0,2105;0;0,0012;0,02952;9,31;8,46;8,455;0,445208496;1;0;1;0;1;1;0;0;1;0
TS175;89,1;88;1740;14;0;No;0,78;0,76-1,0;0,15;0-0,25;0,054226235;3064;5;5;0,13;1,561;Eighteen;18;Two;2;0;1;0;0;0;1;0;1;0;0;0;0;0;0;0;0;0;0;0;2;1;0;0;0;0;0;0;0;0;0;0;0;0;0;0;0;0;0;6;3;3;0;0,8143;0,0592;0;0;0;0;0;0,1236;0;0,0029;0,026797;4,72;7,55;4,5525;0,395499666;1;0;0;1;1;0;1;0;0;0
TS176;89,2;88;1740;17;0;No;0,46;0-0,5;0,22;0-0,25;0,103564106;3065;4;3;0,08;1,099;Eighteen;18;Four;4;0;0;0;0;0;0;1;0;0;0;0;0;0;0;0;0;0;0;0;1;0;0;0;0;0;0;0;0;0;0;0;0;0;0;0;0;0;1;3;2;2;0;0,2053;0,344;0,2583;0,1925;0;0;0;0;0;0;0,042459;9,95;8,01;8,005;0,752188572;0;0;1;0;1;0;0;0;0;0
TS177;90,1;89;1760;10;0;No;1,24;1,01-1,5;0,56;0,51-0,75;0,160561967;3066;3;8;0,21;1,986;Eighteen;18;Two;2;0;2;0;0;0;4;3;0;0;0;0;1;0;3;0;0;0;0;0;3;0;1;0;0;0;0;0;0;0;0;0;2;0;0;0;0;0;0;19;6;14;0;0,8359;0,0013;0;0;0;0;0;0,1629;0;0;0,025129;4,12;4,05;4,05;0,26133688;0;1;1;1;1;0;1;0;0;0
TS178;90,2;89;1760;15;0;No;0,94;0,76-1,0;0,48;0,25-0,5;0,158067581;3067;6;8;0,21;1,757;Eighteen;18;Four;4;1;2;0;0;0;4;3;0;0;0;0;10;0;0;0;0;1;0;0;3;0;0;0;0;0;0;0;1;0;0;0;0;0;0;0;0;0;0;25;6;21;0;0,2677;0,3088;0,2001;0,213;0;0;0;0;0;0,0105;0,041038;9,57;7,49;7,49;0,791745949;0;1;1;1;1;1;1;0;0;0
TS179;91,1;90;1780;11;0;No;0,98;0,76-1,0;0,54;0,51-0,75;0,174159119;3068;4;8;0,21;1,858;Eighteen;18;Five;5;0;3;0;0;0;1;7;0;0;1;0;0;0;4;0;2;0;0;0;4;0;0;0;0;0;0;0;0;1;0;0;0;0;0;0;0;0;0;23;5;17;0;0,2733;0,1769;0,2786;0,2712;0;0;0;0;0;0;0,042765;12,3;8,14;8,135;0,791307099;0;0;1;1;1;0;1;0;1;0
TS180;91,2;90;1780;12;0;No;1,14;1,01-1,5;0,52;0,51-0,75;0,155494995;3069;4;5;0,13;1,561;Eighteen;18;Two;2;0;1;0;0;0;0;0;0;0;1;0;0;0;1;0;0;0;0;0;0;0;0;0;0;0;0;0;0;0;0;0;1;0;0;0;0;0;2;6;3;4;0;0,3938;0,0533;0,2643;0,2886;0;0;0;0;0;0;0,041591;22,62;20,7;20,6975;0,436005405;0;0;0;1;0;0;0;0;1;0
TS181;92,1;91;1800;14;0;No;1,2;1,01-1,5;0,25;0-0,25;0,072864314;3070;4;1;0,03;0;Nineteen;19;Five;5;0;1;0;0;0;0;0;0;0;0;0;0;0;0;0;0;0;0;0;0;0;0;0;0;0;0;0;0;0;0;0;0;0;0;0;0;0;0;1;1;1;0;0,2454;0,1627;0,4141;0,1778;0;0;0;0;0;0;0,043465;14,52;11,5;11,5;0,661881059;0;0;0;1;0;0;0;0;0;0
TS182;92,2;91;1800;11;0;No;1,1;1,01-1,5;0,45;0,25-0,5;0,136987729;3071;5;6;0,16;1,618;Nineteen;19;Two;2;0;5;0;0;0;0;4;0;0;0;0;0;0;3;2;0;0;0;0;8;0;0;0;0;0;0;0;0;1;0;0;0;0;0;0;0;0;0;23;3;12;0;0,2612;0,1991;0,1558;0,1948;0;0;0;0,1891;0;0;0,03333;13,13;11,35;11,3475;0,659595609;0;0;1;1;1;0;0;0;0;1
TS183;93,1;92;1820;20;0;No;1,38;1,01-1,5;0,24;0-0,25;0,06522847;3072;3;7;0,18;1,75;Nineteen;19;Two;2;0;4;0;0;0;0;5;2;0;0;0;1;0;0;0;0;0;0;0;1;0;0;0;0;0;0;0;0;4;1;0;0;0;0;0;0;0;0;18;4;12;0;0,8544;0,0041;0;0;0;0;0;0,1416;0;0;0,025796;4,49;4,03;4,03;0,442377543;1;1;1;1;1;0;0;0;0;0
TS184;93,2;92;1820;4;0;No;0,24;0-0,5;0,2;0-0,25;0,130343648;3073;4;4;0,11;1,072;Nineteen;19;Two;2;0;0;0;0;0;0;2;0;0;0;0;8;0;0;0;2;0;0;0;1;0;0;0;0;0;0;0;0;0;0;0;0;0;0;0;0;0;0;13;3;12;0;0,3851;0,2437;0,1643;0,207;0;0;0;0;0;0;0,039866;9,26;6,72;6,72;0,797711699;0;1;1;0;1;0;0;0;0;0
TS185;94,1;93;1840;16;0;No;1,1;1,01-1,5;0,36;0,25-0,5;0,109590184;3074;4;6;0,16;1,698;Nineteen;19;Two;2;0;0;0;0;0;2;0;0;0;3;0;1;0;3;0;0;0;0;0;0;0;0;0;0;1;0;0;0;3;0;0;0;0;0;0;0;0;0;13;3;6;0;0,4417;0,3302;0,1907;0,0374;0;0;0;0;0;0;0,037864;9,78;8,63;8,6325;0,577871766;0;1;0;0;0;0;1;0;1;0
TS186;94,2;93;1840;9;0;No;0,96;0,76-1,0;0,62;0,51-0,75;0,202032654;3075;2;2;0,05;0,562;Nineteen;19;Two;2;0;0;0;0;0;0;3;0;0;0;0;1;0;0;0;0;0;0;0;0;0;0;0;0;0;0;0;0;0;0;0;0;0;0;0;0;0;0;4;2;4;0;0,8659;0;0;0;0;0;0;0,1341;0;0;0,025977;0;0;0;0;0;1;1;0;0;0;0;0;0;0
TS187;95,1;94;1860;4;0;No;0,56;0,51-0,75;0,21;0-0,25;0,089596445;3076;3;9;0,24;2,098;Nineteen;19;Four;4;0;0;0;0;0;0;1;0;1;0;0;2;0;0;1;1;0;0;0;3;1;0;0;0;0;0;0;0;1;0;0;0;0;0;0;0;2;0;13;3;4;0;0,3195;0,4007;0,2798;0;0;0;0;0;0;0;0,039603;9,17;7,89;7,8925;0,580872287;0;1;1;0;1;0;0;0;0;1
TS188;95,2;94;1860;15;0;No;1,22;1,01-1,5;0,45;0,25-0,5;0,130076276;3077;5;12;0,32;2,142;Nineteen;19;Two;2;1;4;0;0;0;1;2;0;0;8;0;1;0;6;0;0;0;0;0;0;1;0;1;0;0;0;0;1;5;0;0;0;0;0;0;1;0;0;32;8;17;0;0,3949;0,3127;0,1819;0,0585;0;0;0;0,052;0;0;0,036375;11,89;10,79;10,7925;0,499725578;0;1;1;1;0;1;1;1;1;0
TS189;96,1;95;1880;17;0;No;1,1;1,01-1,5;0,45;0,25-0,5;0,136987729;3078;2;8;0,21;1,898;Nineteen;19;Two;2;0;2;0;0;0;1;0;0;0;0;0;5;0;3;1;2;0;0;0;6;0;0;2;0;0;0;0;0;0;0;0;0;0;0;0;0;0;0;22;6;15;0;0,9455;0;0;0;0;0;0,0545;0;0;0;0,028365;0;0;0;0;0;1;0;1;1;0;1;1;0;1
TS190;96,2;95;1880;9;0;No;0,84;0,76-1,0;0,27;0,25-0,5;0,094056674;3079;4;3;0,08;1,079;Nineteen;19;Four;4;0;3;0;0;0;0;0;0;0;2;0;2;0;0;0;0;0;0;0;0;0;0;0;0;0;0;0;0;0;0;0;0;0;0;0;0;0;0;7;2;5;0;0,3522;0,5652;0,0826;0;0;0;0;0;0;0;0,037304;5,77;5,12;5,115;0,50276936;0;1;0;1;0;0;0;0;1;0
TS191;97,1;96;1900;17;0;No;1;0,76-1,0;0,46;0,25-0,5;0,146866697;3080;1;4;0,11;1,386;Twenty;20;Two;2;0;1;0;0;0;1;1;0;0;0;0;0;0;1;0;0;0;0;0;0;0;0;0;0;0;0;0;0;0;0;0;0;0;0;0;0;0;0;4;4;4;0;1;0;0;0;0;0;0;0;0;0;0,03;0;0;0;0;0;0;1;1;0;0;1;0;0;0
TS192;97,2;96;1900;5;0;No;0,74;0,51-0,75;0,15;0-0,25;0,055672522;3081;3;2;0,05;0,693;Twenty;20;Two;2;0;0;0;0;0;0;0;0;0;0;0;0;0;0;0;1;0;0;0;0;0;0;0;0;0;0;0;0;0;0;0;0;0;0;0;1;0;0;2;1;1;0;0,9974;0,0013;0;0;0;0;0;0;0;0,0013;0,029974;3,24;3,16;3,155;0,380666392;0;0;0;0;0;0;0;0;0;0
TS193;98,1;97;1920;13;0;No;0,9;0,76-1,0;0,34;0,25-0,5;0,11442559;3082;5;4;0,11;1,386;Twenty;20;Two;2;1;0;0;0;0;1;0;0;0;0;0;0;0;0;0;0;0;0;0;1;0;0;0;0;0;0;0;0;0;0;0;0;0;0;0;1;0;0;4;2;2;0;0,9541;0,0034;0,0113;0;0;0;0,0152;0,0161;0;0;0,029324;14,94;14,94;14,94;0,592095437;0;0;0;0;1;1;1;0;0;0
TS194;98,2;97;1920;7;0;No;0,94;0,76-1,0;0,23;0-0,25;0,075740716;3083;3;5;0,13;1,609;Twenty;20;Two;2;0;0;0;0;0;0;0;0;0;0;0;1;0;0;1;0;0;0;0;1;0;0;0;0;0;0;0;1;0;0;0;0;0;0;0;1;0;0;5;2;2;0;0,7686;0;0;0;0;0;0,0487;0,1828;0;0;0,023058;0;0;0;0;0;1;0;0;1;0;0;0;0;1
TS195;99,1;98;1940;2;0;No;0,5;0-0,5;0,25;0-0,25;0,11288091;3084;4;5;0,13;1,609;Twenty;20;Two;2;1;1;0;0;0;1;0;0;0;0;0;0;0;0;1;0;0;0;0;0;0;0;1;0;0;0;0;0;0;0;0;0;0;0;0;0;0;0;5;4;4;0;0,8936;0,0011;0;0;0;0;0;0,1006;0;0,0046;0,026852;5,4;5,24;5,2425;0,177469347;0;0;0;1;0;1;1;1;0;1
TS196;99,2;98;1940;16;0;No;1,02;1,01-1,5;0,39;0,25-0,5;0,123290615;3085;3;12;0,32;2,048;Twenty;20;Twelve;12;2;3;0;0;0;1;13;3;0;1;0;0;0;9;1;0;0;0;0;8;0;2;0;0;1;1;0;0;0;0;0;0;0;0;0;0;0;0;45;7;33;0;0,3064;0,0275;0;0;0;0;0;0,6661;0;0;0,010292;6,5;5,52;5,515;0,463160812;1;0;1;1;1;1;1;0;1;1
TS197;100,1;99;1960;3;0;No;0,9;0,76-1,0;0,82;0,75-1,0;0,275967598;3086;3;5;0,13;1,468;Twenty;20;Two;2;0;3;0;0;0;1;2;0;0;0;0;0;0;4;0;0;0;0;0;0;0;0;1;0;0;0;0;0;0;0;0;0;0;0;0;0;0;0;11;5;11;0;0,5648;0;0;0;0;0;0,0247;0,4105;0;0;0,016944;0;0;0;0;0;0;1;1;0;0;1;1;0;0
TS198;100,2;99;1960;14;0;No;0,96;0,76-1,0;0,17;0-0,25;0,05539605;3087;4;3;0,08;0,95;Twenty;20;Two;2;0;0;0;0;0;1;0;0;0;0;0;0;0;0;0;1;0;0;0;0;0;0;0;0;0;0;0;0;0;0;0;3;0;0;0;0;0;0;5;2;2;0;0,9231;0,0168;0,009;0;0;0;0;0,0511;0;0;0,028815;5,1;4,31;4,305;0,60059109;0;0;0;0;0;0;1;0;0;0
TS199;101,1;100;1980;20;0;No;1,2;1,01-1,5;0,18;0-0,25;0,052462306;3088;5;4;0,11;1,127;Twenty;20;Two;2;0;0;0;0;0;0;1;0;0;0;0;1;0;6;0;0;0;0;0;0;0;0;4;0;0;0;0;0;0;0;0;0;0;0;0;0;0;0;12;4;12;0;0,8288;0,0028;0;0;0;0;0,0066;0,1618;0;0;0,024976;3,57;3,42;3,415;0,494016797;0;1;1;0;0;0;0;1;0;0
TS200;101,2;100;1980;10;0;No;0,9;0,76-1,0;0,07;0-0,25;0,02355821;3089;4;6;0,16;1,72;Twenty;20;Two;2;0;0;0;0;0;0;0;1;0;0;0;2;0;2;0;2;0;0;0;0;0;0;1;0;0;0;0;0;0;0;0;0;0;0;0;0;0;3;11;6;11;0;0,9494;0,0296;0;0;0;0;0;0,0175;0;0,0035;0,029666;7,07;6,49;6,49;0,368344668;1;1;0;0;0;0;0;1;0;0
TS201;102,1;101;2000;8;0;No;1,24;1,01-1,5;0,29;0,25-0,5;0,083148162;3090;3;5;0,13;1,561;Twenty-one;21;Two;2;0;1;0;0;0;1;1;0;0;0;0;0;0;2;0;0;0;0;0;0;0;0;0;0;0;0;0;0;0;0;0;0;0;0;0;0;0;1;6;5;6;0;0,815;0,0458;0;0;0;0;0;0,1392;0;0;0,026282;6,19;5,58;5,58;0,493629867;0;0;1;1;0;0;1;0;0;0
TS202;102,2;101;2000;12;0;No;0,92;0,76-1,0;0,52;0,51-0,75;0,173091175;3091;4;9;0,24;1,965;Twenty-one;21;Two;2;0;1;0;0;0;0;2;1;0;0;0;1;0;5;0;0;0;0;0;1;0;0;0;0;0;0;1;0;1;0;0;0;0;0;0;0;0;1;14;7;12;0;0,9934;0,0037;0;0;0;0;0;0,003;0;0;0,02995;3,19;3,1;3,095;0,32975466;1;1;1;1;1;0;0;0;0;0
TS203;103,1;102;2020;9;0;No;0,64;0,51-0,75;0,23;0-0,25;0,091791686;3093;6;5;0,13;1,475;Twenty-one;21;Two;2;0;0;0;0;0;3;0;0;0;1;0;0;0;1;1;0;0;0;0;1;0;0;0;0;0;0;0;0;0;0;0;0;0;0;0;0;0;0;7;2;4;0;0,4805;0,2736;0,1268;0,1041;0;0;0;0,0056;0;0,0094;0,036904;9,4;7,85;7,85;0,652426115;0;0;0;0;1;0;1;0;1;1
TS204;103,2;102;2020;14;0;No;1,26;1,01-1,5;0,5;0,25-0,5;0,142216579;3094;4;6;0,16;1,507;Twenty-one;21;Two;2;0;0;0;0;0;1;4;0;0;0;0;9;0;0;0;0;0;0;0;1;0;0;0;0;0;0;0;0;2;0;0;0;0;0;0;0;0;6;23;4;20;0;0,9723;0,0012;0;0;0;0;0;0,0256;0;0,001;0,029217;3,33;3,25;3,245;0,334954889;0;1;1;0;1;0;1;0;0;0
TS205;104,1;103;2040;13;0;No;1,26;1,01-1,5;0,59;0,51-0,75;0,167815563;3095;4;4;0,11;1,332;Twenty-one;21;Four;4;0;1;0;0;0;1;0;0;0;0;0;2;0;0;0;0;0;0;0;0;0;0;0;0;0;0;0;0;0;0;0;0;0;0;0;1;0;0;5;3;4;0;0,1709;0,7384;0,0906;0;0;0;0;0;0;0;0,039193;5,36;4,37;4,37;0,602070791;0;1;0;1;0;0;1;0;0;0
TS206;104,2;103;2040;5;0;No;0,5;0-0,5;0,19;0-0,25;0,085789492;3096;6;5;0,13;1,494;Twenty-one;21;Two;2;0;0;0;0;0;0;0;0;0;0;0;2;0;3;0;1;0;0;0;0;0;0;0;0;0;0;0;0;1;0;0;0;0;0;0;0;1;0;8;3;6;0;0,4507;0,2478;0,007;0;0;0;0;0,2933;0;0,0012;0,023783;4,79;4,52;4,52;0,434854726;0;1;0;0;0;0;0;0;0;0
TS207;105,1;104;2060;19;0;No;0,98;0,76-1,0;0,33;0,25-0,5;0,106430573;3097;6;9;0,24;1,944;Twenty-one;21;Four;4;0;2;0;0;0;3;1;1;0;0;0;7;0;0;0;1;0;0;0;4;0;0;1;0;0;0;0;0;0;0;0;0;0;0;0;2;0;0;22;7;16;0;0,2694;0,4145;0,1626;0,0349;0;0;0;0,1186;0;0;0,034537;7,14;6,11;6,105;0,704276475;1;1;1;1;1;0;1;1;0;0
TS208;105,2;104;2060;14;0;No;0,9;0,76-1,0;0,38;0,25-0,5;0,127887424;3098;7;6;0,16;1,54;Twenty-one;21;Twelve;12;0;1;0;0;0;0;1;0;0;0;0;0;0;2;0;1;0;0;0;5;0;0;0;0;0;0;0;0;1;0;0;0;0;0;0;0;0;0;11;4;5;0;0,3531;0,0996;0,0113;0;0;0;0,0484;0,4736;0;0,014;0,015142;4,31;3,94;3,9375;0,516575229;0;0;1;1;1;0;0;0;0;0
TS209;106,1;105;2080;5;0;No;0,68;0,51-0,75;0,4;0,25-0,5;0,154871331;3099;5;3;0,18;1,714;Twenty-one;21;Twelve;12;0;0;0;0;0;0;2;0;0;0;0;1;0;0;0;0;0;0;0;1;0;0;0;0;0;0;0;0;0;0;0;0;0;0;0;0;0;0;4;2;3;0;0,3609;0,0265;0;0;0;0;0,0314;0,5801;0;0,001;0,011887;5,11;5,27;5,265;0,365195628;0;1;1;0;1;0;0;0;0;0
TS210;106,2;105;2080;7;0;No;0,78;0,76-1,0;0,45;0,25-0,5;0,162678706;3100;3;7;0,08;1,04;Twenty-one;21;Two;2;0;0;0;0;0;6;1;2;0;0;0;4;0;0;0;0;0;0;0;7;0;0;0;0;2;0;0;0;0;0;0;1;0;0;0;0;0;0;23;4;13;0;0,7579;0;0;0;0;0;0;0,2143;0;0,0278;0,022737;0;0;0;0;1;1;1;0;1;0;1;0;0;0
TS211;107,1;106;2100;2;0;No;1,06;1,01-1,5;0,27;0,25-0,5;0,083729082;3101;4;3;0,08;1,099;Twenty-two;22;Two;2;0;0;0;0;0;0;1;0;0;1;0;0;0;0;0;1;0;0;0;0;0;0;0;0;0;0;0;0;0;0;0;0;0;0;0;0;0;0;3;2;2;0;0,6618;0,3306;0,0076;0;0;0;0;0;0;0;0,033458;5,36;4,98;4,965;0,409881307;0;0;1;0;0;0;0;0;1;0
TS212;107,2;106;2100;8;0;No;1,2;1,01-1,5;0,38;0,25-0,5;0,110753758;3102;2;9;0,24;2,107;Twenty-two;22;Two;2;0;2;1;0;0;2;1;0;0;2;0;1;0;0;0;0;0;0;0;3;0;0;1;1;0;0;0;0;0;0;0;0;0;0;0;0;0;0;14;6;8;0;0,65;0,35;0;0;0;0;0;0;0;0;0,0335;7,98;7,7;7,7;0,285274269;0;1;1;1;1;0;1;1;1;0
TS213;108,1;107;2120;20;0;No;1,28;1,01-1,5;0,32;0,25-0,5;0,090304728;3103;3;8;0,21;1,972;Twenty-two;22;Two;2;0;2;0;0;0;3;0;0;0;1;0;1;0;0;0;1;0;0;0;1;0;0;0;0;0;0;0;0;1;0;0;0;0;0;0;0;0;1;11;5;8;0;0,618;0,3646;0,0173;0;0;0;0;0;0;0;0,033989;6,98;6,64;6,6375;0,357889883;0;1;0;1;1;0;1;0;1;0
TS214;108,2;107;2120;9;0;No;1,16;1,01-1,5;0,45;0,25-0,5;0,133397907;3104;4;6;0,16;1,696;Twenty-two;22;Two;2;0;1;0;0;0;3;0;1;0;0;0;0;0;2;0;0;0;0;0;0;0;0;1;0;0;0;0;0;2;0;0;0;0;0;0;0;0;0;10;5;8;0;0,8999;0,0017;0;0;0;0;0,089;0;0;0,0093;0,027065;6,1;6,1;6,095;0,49190037;1;0;0;1;0;0;1;1;0;0
TS215;109,1;108;2140;8;0;No;1,04;1,01-1,5;0,29;0,25-0,5;0,090791841;3105;4;4;0,11;1,277;Twenty-two;22;Twelve;12;0;1;0;0;0;3;0;0;0;0;0;0;0;0;0;1;0;0;0;2;0;0;0;0;0;0;0;0;0;0;0;0;0;0;0;0;0;0;7;3;5;0;0,4165;0,0245;0;0;0;0;0;0,5535;0;0,0055;0,013475;4,71;4,21;4,2125;0,359638915;0;0;0;1;1;0;1;0;0;0
TS216;109,2;108;2140;7;0;No;1,1;1,01-1,5;0,23;0-0,25;0,070015951;3106;4;2;0,05;0,693;Twenty-two;22;Two;2;0;0;0;0;0;1;1;0;0;0;0;0;0;0;0;0;0;0;0;0;0;0;0;0;0;0;0;0;0;0;0;0;0;0;0;0;0;0;2;2;2;0;0,8306;0,0082;0;0;0;0;0,1579;0;0;0,0034;0,025246;4,61;4,51;4,5075;0,340700824;0;0;1;0;0;0;1;0;0;0
TS217;110,1;109;2160;10;0;No;1,26;1,01-1,5;0,36;0,25-0,5;0,102395937;3107;6;2;0,05;0,693;Twenty-two;22;Two;2;0;0;0;0;0;0;0;0;0;0;0;0;0;0;0;0;0;0;0;2;0;0;0;0;0;0;0;0;2;0;0;0;0;0;0;0;0;0;4;0;0;0;0,6462;0,2923;0,0096;0;0;0;0;0,0508;0;0,0012;0,031558;5,28;4,81;4,81;0,526658175;0;0;0;0;1;0;0;0;0;0
TS218;110,2;109;2160;4;0;No;0,92;0,76-1,0;0,47;0,25-0,5;0,156447793;3108;6;3;0,08;1,04;Twenty-two;22;Five;5;1;0;0;0;0;2;1;0;0;0;0;0;0;0;0;0;0;0;0;0;0;0;0;0;0;0;0;0;0;0;0;0;0;0;0;0;0;0;4;3;4;0;0,1321;0,1426;0,2651;0,2517;0,2086;0;0;0;0;0;0,048023;8,82;4,94;4,935;1,198214215;0;0;1;0;0;1;1;0;0;0
TS219;111,1;110;2180;6;0;No;0,98;0,76-1,0;0,46;0,25-0,5;0,148357768;3109;5;8;0,21;1,505;Twenty-two;22;Five;5;0;3;0;0;0;1;0;1;0;1;0;0;0;3;0;0;0;0;0;0;1;0;0;0;0;0;0;0;8;0;0;0;0;0;1;0;0;2;21;5;10;0;0,2098;0,4742;0,2806;0,0354;0;0;0;0;0;0;0,041062;7,23;5,86;5,845;0,704257158;1;0;0;1;0;0;1;0;1;0
TS220;111,2;110;2180;14;0;No;1,22;1,01-1,5;0,22;0-0,25;0,063592846;3110;4;8;0,21;1,433;Twenty-two;22;Two;2;3;0;0;0;0;20;0;0;0;2;0;3;0;0;1;1;1;0;0;3;0;0;0;0;0;0;0;0;0;0;0;0;0;0;0;0;0;0;34;4;27;0;0,7883;0,0001;0;0;0;0;0,1418;0,0698;0;0;0,023653;2,61;2,61;2,61;0;0;1;0;0;1;1;1;0;1;1
